strain,real,nextstrain,tnet
EPI_ISL_416425,China,Malaysia,China
EPI_ISL_402128,China,China,China
EPI_ISL_457733,Taiwan,China,Taiwan
EPI_ISL_455603,Australia,Australia,Australia
EPI_ISL_402132,China,China,China
EPI_ISL_413868,China,China,China
EPI_ISL_406798,China,China,China
EPI_ISL_402121,China,China,China
EPI_ISL_402130,China,China,China
EPI_ISL_403930,China,China,China
EPI_ISL_402123,China,China,China
EPI_ISL_450196,Thailand,Thailand,Thailand
EPI_ISL_437618,Thailand,Thailand,Thailand
EPI_ISL_402127,China,China,China
EPI_ISL_412898,China,China,China
EPI_ISL_434534,China,China,China
EPI_ISL_413015,China,Canada,Canada
EPI_ISL_408008,USA,USA,USA
EPI_ISL_408009,USA,USA,USA
EPI_ISL_425177,Canada,Canada,Canada
EPI_ISL_413014,China,Canada,Canada
EPI_ISL_418327,Canada,Canada,Canada
EPI_ISL_450412,HongKong,China,HongKong
EPI_ISL_416350,China,China,China
EPI_ISL_451365,China,China,China
EPI_ISL_412980,China,China,China
EPI_ISL_455461,China,China,China
EPI_ISL_455314,Spain,China,Spain
EPI_ISL_419733,Australia,China,Singapore
EPI_ISL_412873,SouthKorea,Spain,SouthKorea
EPI_ISL_407071,China,UnitedKingdom,UnitedKingdom
EPI_ISL_407073,China,UnitedKingdom,UnitedKingdom
EPI_ISL_416330,China,China,China
EPI_ISL_455684,China,China,China
EPI_ISL_413523,China,HongKong,HongKong
EPI_ISL_434567,HongKong,HongKong,HongKong
EPI_ISL_434568,HongKong,HongKong,HongKong
EPI_ISL_421241,China,China,China
EPI_ISL_426163,SouthKorea,SouthKorea,SouthKorea
EPI_ISL_425118,SouthKorea,SouthKorea,SouthKorea
EPI_ISL_412869,SouthKorea,SouthKorea,SouthKorea
EPI_ISL_411956,China,China,USA
EPI_ISL_447918,Thailand,China,Thailand
EPI_ISL_406223,China,China,USA
EPI_ISL_417030,Australia,China,Thailand
EPI_ISL_408665,Japan,Japan,Japan
EPI_ISL_408666,Japan,Japan,Japan
EPI_ISL_408667,Japan,Japan,Japan
EPI_ISL_451360,China,China,China
EPI_ISL_437616,Thailand,China,Thailand
EPI_ISL_435137,UnitedArabEmirates,China,China
EPI_ISL_416429,Vietnam,China,Vietnam
EPI_ISL_406034,China,China,USA
EPI_ISL_428443,China,China,Vietnam
EPI_ISL_434571,HongKong,HongKong,HongKong
EPI_ISL_412028,HongKong,HongKong,HongKong
EPI_ISL_408668,China,Vietnam,Vietnam
EPI_ISL_416427,Vietnam,Vietnam,Vietnam
EPI_ISL_426183,SouthKorea,China,SouthKorea
EPI_ISL_410045,China,China,USA
EPI_ISL_464093,Taiwan,Taiwan,UnitedArabEmirates
EPI_ISL_463740,UnitedArabEmirates,Taiwan,UnitedArabEmirates
EPI_ISL_426171,SouthKorea,SouthKorea,SouthKorea
EPI_ISL_412871,SouthKorea,SouthKorea,SouthKorea
EPI_ISL_430738,China,SouthKorea,SouthKorea
EPI_ISL_426181,SouthKorea,SouthKorea,SouthKorea
EPI_ISL_426180,SouthKorea,SouthKorea,SouthKorea
EPI_ISL_407193,SouthKorea,SouthKorea,SouthKorea
EPI_ISL_413519,China,China,China
EPI_ISL_424357,China,China,SouthKorea
EPI_ISL_412870,SouthKorea,SouthKorea,SouthKorea
EPI_ISL_413513,SouthKorea,SouthKorea,SouthKorea
EPI_ISL_413514,SouthKorea,SouthKorea,SouthKorea
EPI_ISL_413516,SouthKorea,SouthKorea,SouthKorea
EPI_ISL_427812,SouthKorea,SouthKorea,SouthKorea
EPI_ISL_416885,Malaysia,Malaysia,Malaysia
EPI_ISL_455790,Malaysia,Malaysia,Malaysia
EPI_ISL_437620,Thailand,Thailand,Thailand
EPI_ISL_447911,Thailand,Thailand,Thailand
EPI_ISL_447913,Thailand,Thailand,Thailand
EPI_ISL_447912,Thailand,Thailand,Thailand
EPI_ISL_437615,Thailand,Thailand,Thailand
EPI_ISL_437613,Thailand,Thailand,Thailand
EPI_ISL_437612,Thailand,Thailand,Thailand
EPI_ISL_447920,Thailand,Thailand,Thailand
EPI_ISL_455624,Thailand,Thailand,Thailand
EPI_ISL_437609,Thailand,Thailand,Thailand
EPI_ISL_447020,Thailand,Thailand,Thailand
EPI_ISL_455585,Thailand,Thailand,Thailand
EPI_ISL_455938,Thailand,Thailand,Thailand
EPI_ISL_447026,Thailand,Thailand,Thailand
EPI_ISL_429165,Thailand,Thailand,Thailand
EPI_ISL_429166,Thailand,Thailand,Thailand
EPI_ISL_455606,Thailand,Thailand,Thailand
EPI_ISL_455604,Thailand,Thailand,Thailand
EPI_ISL_455584,Thailand,Thailand,Thailand
EPI_ISL_408478,China,China,China
EPI_ISL_418993,Singapore,China,Singapore
EPI_ISL_404895,China,China,USA
EPI_ISL_416886,Malaysia,China,USA
EPI_ISL_418826,Canada,USA,USA
EPI_ISL_413557,USA,Uganda,USA
EPI_ISL_429649,USA,USA,USA
EPI_ISL_417083,USA,USA,USA
EPI_ISL_447592,Taiwan,USA,USA
EPI_ISL_456334,NewZealand,USA,Mexico
EPI_ISL_424673,Mexico,Mexico,Mexico
EPI_ISL_417100,USA,USA,USA
EPI_ISL_412970,USA,USA,USA
EPI_ISL_447593,Taiwan,Mexico,Taiwan
EPI_ISL_424627,Mexico,Mexico,Mexico
EPI_ISL_455439,Mexico,Mexico,Mexico
EPI_ISL_426364,Mexico,Mexico,Mexico
EPI_ISL_426363,Mexico,Mexico,Mexico
EPI_ISL_426482,Uruguay,Mexico,USA
EPI_ISL_436101,Taiwan,Taiwan,Taiwan
EPI_ISL_419741,Australia,Taiwan,USA
EPI_ISL_434127,USA,USA,USA
EPI_ISL_417135,USA,USA,USA
EPI_ISL_413455,USA,USA,USA
EPI_ISL_430272,USA,USA,USA
EPI_ISL_417155,USA,USA,USA
EPI_ISL_417152,USA,USA,USA
EPI_ISL_417093,USA,USA,USA
EPI_ISL_430273,USA,USA,USA
EPI_ISL_455598,Australia,USA,USA
EPI_ISL_463633,USA,USA,USA
EPI_ISL_424849,USA,USA,USA
EPI_ISL_449880,USA,USA,USA
EPI_ISL_416637,USA,USA,USA
EPI_ISL_418052,USA,USA,USA
EPI_ISL_463659,USA,USA,USA
EPI_ISL_443253,USA,USA,USA
EPI_ISL_416485,Spain,Spain,Spain
EPI_ISL_414623,France,Spain,Kazakhstan
EPI_ISL_416477,Georgia,Spain,Spain
EPI_ISL_455351,Spain,Spain,Spain
EPI_ISL_455336,Spain,Spain,Spain
EPI_ISL_452367,Spain,Spain,Spain
EPI_ISL_451140,Australia,Australia,Australia
EPI_ISL_426856,Australia,Australia,Australia
EPI_ISL_454520,Kazakhstan,Spain,Kazakhstan
EPI_ISL_452559,Spain,Spain,Kazakhstan
EPI_ISL_416484,Spain,Spain,Spain
EPI_ISL_452692,Spain,Spain,Spain
EPI_ISL_425178,Spain,Spain,Spain
EPI_ISL_436361,Spain,Spain,Spain
EPI_ISL_418216,Senegal,Kazakhstan,Spain
EPI_ISL_419687,Spain,Spain,Spain
EPI_ISL_452701,Spain,Spain,Spain
EPI_ISL_420117,Spain,Spain,Spain
EPI_ISL_420123,Spain,Spain,Spain
EPI_ISL_452675,Spain,Spain,Spain
EPI_ISL_454571,Kazakhstan,Spain,Kazakhstan
EPI_ISL_454499,Kazakhstan,Kazakhstan,Kazakhstan
EPI_ISL_435048,Kazakhstan,Kazakhstan,Kazakhstan
EPI_ISL_454516,Kazakhstan,Kazakhstan,Kazakhstan
EPI_ISL_454518,Kazakhstan,Kazakhstan,Kazakhstan
EPI_ISL_454577,Kazakhstan,Kazakhstan,Kazakhstan
EPI_ISL_454584,Kazakhstan,Kazakhstan,Kazakhstan
EPI_ISL_454572,Kazakhstan,Kazakhstan,Kazakhstan
EPI_ISL_454497,Kazakhstan,Kazakhstan,Kazakhstan
EPI_ISL_451076,China,China,China
EPI_ISL_437725,SaudiArabia,China,SaudiArabia
EPI_ISL_437495,SaudiArabia,China,SaudiArabia
EPI_ISL_407896,Australia,Australia,Australia
EPI_ISL_416415,Australia,Australia,Australia
EPI_ISL_410717,Australia,Australia,Australia
EPI_ISL_407894,China,Australia,Australia
EPI_ISL_410718,Australia,Australia,Australia
EPI_ISL_411954,China,Australia,Australia
EPI_ISL_457938,Oman,Australia,Oman
EPI_ISL_420841,DemocraticRepublicoftheCongo,Luxembourg,DemocraticRepublicoftheCongo
EPI_ISL_420078,Senegal,Uganda,Senegal
EPI_ISL_431081,USA,Australia,USA
EPI_ISL_451183,Uganda,Uganda,Uganda
EPI_ISL_451184,Uganda,Uganda,Uganda
EPI_ISL_450188,Jordan,Oman,Uganda
EPI_ISL_451194,Uganda,Uganda,Uganda
EPI_ISL_457991,Oman,Oman,Oman
EPI_ISL_457993,Oman,Oman,Oman
EPI_ISL_451199,Uganda,Oman,Uganda
EPI_ISL_437465,SaudiArabia,SaudiArabia,SaudiArabia
EPI_ISL_437760,SaudiArabia,SaudiArabia,SaudiArabia
EPI_ISL_455426,Nigeria,Nigeria,Nigeria
EPI_ISL_455422,Nigeria,Nigeria,Nigeria
EPI_ISL_455423,Nigeria,Nigeria,Nigeria
EPI_ISL_450341,Bangladesh,Bangladesh,Bangladesh
EPI_ISL_450342,Bangladesh,Bangladesh,Bangladesh
EPI_ISL_455424,Nigeria,Nigeria,Nigeria
EPI_ISL_437705,SaudiArabia,SaudiArabia,SaudiArabia
EPI_ISL_437722,SaudiArabia,SaudiArabia,SaudiArabia
EPI_ISL_420077,Senegal,Nigeria,Senegal
EPI_ISL_437466,SaudiArabia,SaudiArabia,SaudiArabia
EPI_ISL_437460,SaudiArabia,SaudiArabia,SaudiArabia
EPI_ISL_437459,SaudiArabia,SaudiArabia,SaudiArabia
EPI_ISL_412979,China,China,China
EPI_ISL_414378,Singapore,Singapore,Singapore
EPI_ISL_418995,Singapore,Singapore,Singapore
EPI_ISL_413856,China,China,China
EPI_ISL_418996,Singapore,China,Singapore
EPI_ISL_410535,China,Australia,China
EPI_ISL_455770,India,India,India
EPI_ISL_463024,India,India,India
EPI_ISL_407893,China,China,China
EPI_ISL_411926,Taiwan,China,Taiwan
EPI_ISL_414379,Singapore,China,Singapore
EPI_ISL_428718,SaudiArabia,Australia,China
EPI_ISL_462306,Singapore,Singapore,Singapore
EPI_ISL_418997,Singapore,Singapore,Singapore
EPI_ISL_419000,Singapore,Singapore,China
EPI_ISL_418998,Singapore,Singapore,China
EPI_ISL_428822,Singapore,Taiwan,Singapore
EPI_ISL_463896,China,China,China
EPI_ISL_408489,China,Taiwan,China
EPI_ISL_407976,China,Spain,Belgium
EPI_ISL_416333,China,China,China
EPI_ISL_462433,Singapore,Singapore,Singapore
EPI_ISL_452535,Spain,Spain,Spain
EPI_ISL_447836,Greece,Spain,Greece
EPI_ISL_436263,Spain,Spain,Spain
EPI_ISL_429998,Jordan,Spain,China
EPI_ISL_445358,Chile,Spain,Chile
EPI_ISL_445267,Chile,Spain,Chile
EPI_ISL_447757,Colombia,Spain,China
EPI_ISL_418245,Spain,Spain,Spain
EPI_ISL_424670,Mexico,Mexico,Mexico
EPI_ISL_447520,Spain,Spain,China
EPI_ISL_419834,Australia,Spain,Mexico
EPI_ISL_455456,Mexico,Mexico,Mexico
EPI_ISL_456117,Colombia,Colombia,Uruguay
EPI_ISL_424667,Mexico,Uruguay,Uruguay
EPI_ISL_448209,UnitedKingdom,Uruguay,Uruguay
EPI_ISL_444493,Uruguay,Uruguay,Uruguay
EPI_ISL_457965,Uruguay,Uruguay,Uruguay
EPI_ISL_457952,Uruguay,Uruguay,Uruguay
EPI_ISL_447916,Thailand,China,Thailand
EPI_ISL_462283,Singapore,China,China
EPI_ISL_451319,China,China,China
EPI_ISL_455392,China,China,China
EPI_ISL_437614,Thailand,Thailand,Thailand
EPI_ISL_437608,Thailand,Thailand,Thailand
EPI_ISL_454979,China,China,China
EPI_ISL_413018,SouthKorea,China,SouthKorea
EPI_ISL_406031,Taiwan,China,Taiwan
EPI_ISL_411951,Sweden,China,Sweden
EPI_ISL_437622,Thailand,China,Thailand
EPI_ISL_424352,China,China,China
EPI_ISL_426629,Taiwan,China,Taiwan
EPI_ISL_451299,China,Italy,Italy
EPI_ISL_410546,China,Italy,Italy
EPI_ISL_417486,Norway,Norway,Norway
EPI_ISL_455452,Poland,Norway,Poland
EPI_ISL_419241,HongKong,HongKong,HongKong
EPI_ISL_420455,HongKong,HongKong,HongKong
EPI_ISL_419250,HongKong,HongKong,HongKong
EPI_ISL_419252,HongKong,HongKong,HongKong
EPI_ISL_414569,HongKong,HongKong,HongKong
EPI_ISL_412029,HongKong,HongKong,HongKong
EPI_ISL_419249,HongKong,HongKong,HongKong
EPI_ISL_417193,HongKong,HongKong,HongKong
EPI_ISL_419221,HongKong,HongKong,HongKong
EPI_ISL_414517,HongKong,HongKong,HongKong
EPI_ISL_450405,HongKong,HongKong,HongKong
EPI_ISL_419214,HongKong,HongKong,HongKong
EPI_ISL_417187,HongKong,HongKong,HongKong
EPI_ISL_417188,HongKong,HongKong,HongKong
EPI_ISL_417179,HongKong,China,HongKong
EPI_ISL_447917,Thailand,Thailand,Thailand
EPI_ISL_437624,Thailand,Thailand,Thailand
EPI_ISL_416410,Australia,China,Australia
EPI_ISL_406596,China,France,France
EPI_ISL_406597,China,France,France
EPI_ISL_466907,Germany,France,France
EPI_ISL_411219,France,France,France
EPI_ISL_410713,Singapore,Singapore,Singapore
EPI_ISL_447915,Thailand,Thailand,Thailand
EPI_ISL_437619,Thailand,Thailand,Thailand
EPI_ISL_406036,China,China,USA
EPI_ISL_416411,Australia,Australia,China
EPI_ISL_408977,China,Australia,Australia
EPI_ISL_410716,Singapore,Singapore,Singapore
EPI_ISL_410715,Singapore,Singapore,Singapore
EPI_ISL_410536,Singapore,Singapore,Singapore
EPI_ISL_425117,SouthKorea,China,Thailand
EPI_ISL_454992,China,China,China
EPI_ISL_454961,China,China,China
EPI_ISL_457987,Oman,China,China
EPI_ISL_402129,China,Thailand,China
EPI_ISL_412899,China,China,China
EPI_ISL_417064,HongKong,HongKong,HongKong
EPI_ISL_434563,HongKong,HongKong,HongKong
EPI_ISL_434564,HongKong,HongKong,HongKong
EPI_ISL_413522,China,China,India
EPI_ISL_451328,China,China,China
EPI_ISL_410719,Singapore,China,Singapore
EPI_ISL_408670,China,China,USA
EPI_ISL_402124,China,China,China
EPI_ISL_417178,HongKong,China,HongKong
EPI_ISL_402125,China,China,China
EPI_ISL_403929,China,China,China
EPI_ISL_402119,China,China,China
EPI_ISL_450410,HongKong,USA,USA
EPI_ISL_409067,China,USA,USA
EPI_ISL_445329,Chile,China,Malaysia
EPI_ISL_435134,UnitedArabEmirates,China,UnitedArabEmirates
EPI_ISL_408669,Japan,China,China
EPI_ISL_454915,China,China,China
EPI_ISL_418799,Australia,China,UnitedArabEmirates
EPI_ISL_435138,UnitedArabEmirates,China,UnitedArabEmirates
EPI_ISL_437623,Thailand,Thailand,Thailand
EPI_ISL_403962,China,Thailand,Thailand
EPI_ISL_428488,Taiwan,China,Taiwan
EPI_ISL_428489,Taiwan,Malaysia,Taiwan
EPI_ISL_416829,Malaysia,Singapore,Malaysia
EPI_ISL_430443,Malaysia,Malaysia,Malaysia
EPI_ISL_416866,Malaysia,Malaysia,Malaysia
EPI_ISL_407987,Singapore,Singapore,Singapore
EPI_ISL_422429,Singapore,Singapore,Singapore
EPI_ISL_410537,Singapore,Singapore,Malaysia
EPI_ISL_422410,Japan,China,Taiwan
EPI_ISL_434694,Thailand,China,China
EPI_ISL_455369,China,China,China
EPI_ISL_455374,China,China,China
EPI_ISL_450409,HongKong,China,China
EPI_ISL_408431,France,Thailand,China
EPI_ISL_455793,Malaysia,China,Malaysia
EPI_ISL_421654,Latvia,China,China
EPI_ISL_410218,China,Taiwan,China
EPI_ISL_459909,China,Taiwan,China
EPI_ISL_404253,China,China,USA
EPI_ISL_421233,China,China,China
EPI_ISL_450489,China,China,China
EPI_ISL_408010,China,China,China
EPI_ISL_429088,China,China,China
EPI_ISL_454950,China,China,China
EPI_ISL_429077,China,China,China
EPI_ISL_429074,China,China,China
EPI_ISL_462293,Singapore,China,China
EPI_ISL_429076,China,China,China
EPI_ISL_403963,China,China,Thailand
EPI_ISL_406973,China,Singapore,Singapore
EPI_ISL_418269,Vietnam,Vietnam,Vietnam
EPI_ISL_418267,Vietnam,Vietnam,Vietnam
EPI_ISL_456193,NewZealand,China,Germany
EPI_ISL_416907,Malaysia,Malaysia,Malaysia
EPI_ISL_430444,Malaysia,Malaysia,Malaysia
EPI_ISL_455792,Malaysia,Malaysia,Malaysia
EPI_ISL_455791,Malaysia,Malaysia,Malaysia
EPI_ISL_430439,Malaysia,Malaysia,Malaysia
EPI_ISL_420890,Japan,China,Japan
EPI_ISL_438972,Japan,Malaysia,Japan
EPI_ISL_463007,Taiwan,Netherlands,Netherlands
EPI_ISL_455141,Netherlands,Netherlands,Netherlands
EPI_ISL_454752,Netherlands,Netherlands,Netherlands
EPI_ISL_461276,Netherlands,Netherlands,Netherlands
EPI_ISL_422893,Netherlands,Netherlands,Netherlands
EPI_ISL_461101,Netherlands,Netherlands,Netherlands
EPI_ISL_438032,Austria,Netherlands,Netherlands
EPI_ISL_422805,Netherlands,Netherlands,Netherlands
EPI_ISL_455391,China,China,China
EPI_ISL_410044,China,China,USA
EPI_ISL_410532,China,Japan,Japan
EPI_ISL_447914,Thailand,Thailand,Thailand
EPI_ISL_437621,Thailand,Thailand,Thailand
EPI_ISL_410531,Japan,Japan,Japan
EPI_ISL_411915,Taiwan,China,Taiwan
EPI_ISL_407079,China,Thailand,China
EPI_ISL_412872,SouthKorea,China,SouthKorea
EPI_ISL_436583,USA,USA,USA
EPI_ISL_424396,Iceland,USA,Iceland
EPI_ISL_455435,Mexico,USA,Mexico
EPI_ISL_413561,USA,Malaysia,USA
EPI_ISL_413559,USA,China,USA
EPI_ISL_435142,UnitedArabEmirates,China,China
EPI_ISL_419228,HongKong,China,HongKong
EPI_ISL_419554,USA,China,USA
EPI_ISL_457726,Taiwan,China,China
EPI_ISL_422428,Singapore,Singapore,China
EPI_ISL_410486,France,Singapore,France
EPI_ISL_426169,SouthKorea,China,China
EPI_ISL_426166,SouthKorea,China,China
EPI_ISL_411927,Taiwan,China,Taiwan
EPI_ISL_424577,Iceland,Iceland,Iceland
EPI_ISL_456393,NewZealand,UnitedKingdom,UnitedKingdom
EPI_ISL_422053,UnitedKingdom,UnitedKingdom,UnitedKingdom
EPI_ISL_421656,Latvia,Germany,Latvia
EPI_ISL_414509,Germany,Germany,Germany
EPI_ISL_429814,Canada,Germany,Germany
EPI_ISL_414574,Germany,Germany,Germany
EPI_ISL_414499,Germany,Germany,Germany
EPI_ISL_414506,Germany,Germany,Germany
EPI_ISL_413488,Germany,Germany,Germany
EPI_ISL_414508,Germany,Germany,Germany
EPI_ISL_430848,Sweden,Belgium,Sweden
EPI_ISL_455975,Belgium,Belgium,Belgium
EPI_ISL_419655,Austria,Germany,Germany
EPI_ISL_414505,Germany,Germany,Germany
EPI_ISL_414504,Germany,Germany,Germany
EPI_ISL_414498,Germany,Germany,Germany
EPI_ISL_414497,Germany,Germany,Germany
EPI_ISL_456186,NewZealand,NewZealand,NewZealand
EPI_ISL_456221,NewZealand,NewZealand,NewZealand
EPI_ISL_418328,Canada,Germany,Canada
EPI_ISL_416488,Poland,Germany,Germany
EPI_ISL_428959,Luxembourg,Germany,Germany
EPI_ISL_462154,Belgium,Germany,Germany
EPI_ISL_420069,Senegal,Germany,Germany
EPI_ISL_466905,Germany,Germany,Germany
EPI_ISL_417459,Germany,Germany,Germany
EPI_ISL_419242,HongKong,HongKong,HongKong
EPI_ISL_457986,Oman,China,China
EPI_ISL_424703,Sweden,Sweden,China
EPI_ISL_435133,UnitedArabEmirates,China,China
EPI_ISL_447767,Colombia,Sweden,Japan
EPI_ISL_454942,China,China,China
EPI_ISL_413596,Australia,Australia,Australia
EPI_ISL_413594,Australia,Australia,Australia
EPI_ISL_427643,Australia,Australia,Australia
EPI_ISL_420789,USA,China,USA
EPI_ISL_454955,China,China,China
EPI_ISL_447253,Taiwan,Taiwan,China
EPI_ISL_444849,Denmark,Malaysia,China
EPI_ISL_430442,Malaysia,Malaysia,Malaysia
EPI_ISL_430441,Malaysia,China,Malaysia
EPI_ISL_430440,Malaysia,Malaysia,Malaysia
EPI_ISL_430297,SouthAfrica,China,China
EPI_ISL_454969,China,China,China
EPI_ISL_437883,Greece,Norway,China
EPI_ISL_435127,UnitedArabEmirates,China,China
EPI_ISL_447621,Indonesia,China,Taiwan
EPI_ISL_457997,Oman,China,China
EPI_ISL_420151,Norway,Norway,Norway
EPI_ISL_455397,China,China,China
EPI_ISL_439363,UnitedKingdom,HongKong,HongKong
EPI_ISL_416601,Japan,Japan,Japan
EPI_ISL_416570,Japan,Japan,Japan
EPI_ISL_408430,China,Israel,France
EPI_ISL_419832,Australia,Japan,Australia
EPI_ISL_419735,Australia,Australia,Australia
EPI_ISL_421235,China,Japan,Japan
EPI_ISL_434569,HongKong,HongKong,HongKong
EPI_ISL_434570,HongKong,HongKong,HongKong
EPI_ISL_435126,UnitedArabEmirates,UnitedArabEmirates,UnitedArabEmirates
EPI_ISL_416373,China,China,China
EPI_ISL_412981,China,China,China
EPI_ISL_428713,Turkey,UnitedArabEmirates,Turkey
EPI_ISL_420142,Georgia,UnitedArabEmirates,Georgia
EPI_ISL_435135,UnitedArabEmirates,UnitedArabEmirates,UnitedArabEmirates
EPI_ISL_452364,China,China,China
EPI_ISL_447252,Taiwan,Taiwan,Taiwan
EPI_ISL_415742,Taiwan,Taiwan,Taiwan
EPI_ISL_444274,Taiwan,Taiwan,Taiwan
EPI_ISL_415741,Taiwan,Taiwan,Taiwan
EPI_ISL_417519,Taiwan,Taiwan,Taiwan
EPI_ISL_415743,Taiwan,Taiwan,Taiwan
EPI_ISL_414520,China,UnitedArabEmirates,UnitedArabEmirates
EPI_ISL_437327,Iran,Taiwan,Turkey
EPI_ISL_417524,Taiwan,Taiwan,Taiwan
EPI_ISL_414414,Australia,Australia,Australia
EPI_ISL_413214,Australia,Australia,Australia
EPI_ISL_435121,UnitedArabEmirates,UnitedArabEmirates,UnitedArabEmirates
EPI_ISL_434565,HongKong,HongKong,HongKong
EPI_ISL_450408,HongKong,HongKong,HongKong
EPI_ISL_434566,HongKong,UnitedArabEmirates,HongKong
EPI_ISL_418325,Canada,Australia,Canada
EPI_ISL_412975,Iran,Australia,Australia
EPI_ISL_430847,Sweden,Thailand,UnitedArabEmirates
EPI_ISL_447019,Thailand,Thailand,Thailand
EPI_ISL_447025,Thailand,Thailand,Thailand
EPI_ISL_435139,UnitedArabEmirates,UnitedArabEmirates,UnitedArabEmirates
EPI_ISL_413490,Iran,UnitedArabEmirates,Australia
EPI_ISL_435131,UnitedArabEmirates,UnitedArabEmirates,UnitedArabEmirates
EPI_ISL_427133,Australia,Australia,Australia
EPI_ISL_430619,Australia,Australia,Australia
EPI_ISL_415644,Georgia,Oman,Australia
EPI_ISL_413595,Australia,Oman,Australia
EPI_ISL_457704,Oman,Oman,Oman
EPI_ISL_457706,Oman,Oman,Oman
EPI_ISL_421665,Iran,Oman,India
EPI_ISL_437324,Iran,Turkey,Turkey
EPI_ISL_437322,Turkey,Turkey,Turkey
EPI_ISL_437323,Taiwan,Turkey,Turkey
EPI_ISL_435122,UnitedArabEmirates,UnitedArabEmirates,UnitedArabEmirates
EPI_ISL_451193,Uganda,UnitedArabEmirates,UnitedArabEmirates
EPI_ISL_435120,UnitedArabEmirates,UnitedArabEmirates,UnitedArabEmirates
EPI_ISL_457937,Oman,Oman,Oman
EPI_ISL_457701,Oman,Oman,Oman
EPI_ISL_429872,Turkey,Oman,Turkey
EPI_ISL_413213,Iran,Australia,Australia
EPI_ISL_418383,Canada,Norway,Canada
EPI_ISL_417484,Norway,Norway,Norway
EPI_ISL_435045,Kazakhstan,Kazakhstan,Kazakhstan
EPI_ISL_454505,Kazakhstan,Kazakhstan,Kazakhstan
EPI_ISL_454510,Kazakhstan,Kazakhstan,Kazakhstan
EPI_ISL_454599,Kazakhstan,Kazakhstan,Kazakhstan
EPI_ISL_454594,Kazakhstan,Kazakhstan,Kazakhstan
EPI_ISL_454590,Kazakhstan,Kazakhstan,Kazakhstan
EPI_ISL_454591,Kazakhstan,Kazakhstan,Kazakhstan
EPI_ISL_454504,Kazakhstan,Kazakhstan,Kazakhstan
EPI_ISL_454598,Kazakhstan,Kazakhstan,Kazakhstan
EPI_ISL_454507,Kazakhstan,Kazakhstan,Kazakhstan
EPI_ISL_454509,Kazakhstan,Kazakhstan,Kazakhstan
EPI_ISL_454513,Kazakhstan,Kazakhstan,Kazakhstan
EPI_ISL_454514,Kazakhstan,Kazakhstan,Kazakhstan
EPI_ISL_421573,SouthAfrica,India,India
EPI_ISL_435084,India,India,India
EPI_ISL_443188,Singapore,India,Singapore
EPI_ISL_447921,Thailand,Malaysia,India
EPI_ISL_443232,Singapore,Singapore,Singapore
EPI_ISL_447866,India,India,India
EPI_ISL_416432,SaudiArabia,Malaysia,India
EPI_ISL_452178,Taiwan,Taiwan,Taiwan
EPI_ISL_447622,Taiwan,Taiwan,Taiwan
EPI_ISL_452179,Taiwan,Taiwan,Taiwan
EPI_ISL_429882,Taiwan,India,India
EPI_ISL_459957,Malaysia,India,Malaysia
EPI_ISL_447571,India,India,India
EPI_ISL_447583,India,India,India
EPI_ISL_419926,Australia,India,India
EPI_ISL_454830,India,India,India
EPI_ISL_459956,Malaysia,Malaysia,Malaysia
EPI_ISL_435095,India,India,India
EPI_ISL_459955,Malaysia,Malaysia,Malaysia
EPI_ISL_428484,India,India,India
EPI_ISL_459915,India,India,India
EPI_ISL_456553,Australia,Malaysia,India
EPI_ISL_462357,Singapore,India,India
EPI_ISL_457977,Oman,India,India
EPI_ISL_435096,India,India,India
EPI_ISL_435092,India,India,India
EPI_ISL_436420,India,India,India
EPI_ISL_435074,India,India,India
EPI_ISL_435088,India,India,India
EPI_ISL_454568,India,India,India
EPI_ISL_435087,India,India,India
EPI_ISL_455910,Thailand,Malaysia,Singapore
EPI_ISL_455312,Malaysia,Malaysia,Singapore
EPI_ISL_459953,Malaysia,Singapore,Malaysia
EPI_ISL_417917,Malaysia,Singapore,Malaysia
EPI_ISL_459954,Malaysia,Singapore,Malaysia
EPI_ISL_417918,Malaysia,Singapore,Malaysia
EPI_ISL_462343,Singapore,Singapore,Singapore
EPI_ISL_436422,India,India,India
EPI_ISL_436449,India,India,India
EPI_ISL_452215,India,India,India
EPI_ISL_455656,India,India,India
EPI_ISL_458073,India,India,India
EPI_ISL_443212,Singapore,Singapore,Singapore
EPI_ISL_428842,Singapore,Singapore,Singapore
EPI_ISL_462374,Singapore,Singapore,Singapore
EPI_ISL_462375,Singapore,Singapore,Singapore
EPI_ISL_462382,Singapore,Singapore,Singapore
EPI_ISL_462355,Singapore,Singapore,Singapore
EPI_ISL_428844,Singapore,Singapore,Singapore
EPI_ISL_462407,Singapore,Singapore,Singapore
EPI_ISL_428845,Singapore,Singapore,Singapore
EPI_ISL_462356,Singapore,Singapore,Singapore
EPI_ISL_443244,Singapore,Singapore,Singapore
EPI_ISL_462321,Singapore,Singapore,Singapore
EPI_ISL_422434,Singapore,Singapore,Singapore
EPI_ISL_443227,Singapore,Singapore,Singapore
EPI_ISL_443213,Singapore,Singapore,Singapore
EPI_ISL_443216,Singapore,Singapore,Singapore
EPI_ISL_462286,Singapore,Singapore,Singapore
EPI_ISL_462427,Singapore,Singapore,Singapore
EPI_ISL_462412,Singapore,Singapore,Singapore
EPI_ISL_462322,Singapore,Singapore,Singapore
EPI_ISL_462397,Singapore,Singapore,Singapore
EPI_ISL_462393,Singapore,Singapore,Singapore
EPI_ISL_462428,Singapore,Singapore,Singapore
EPI_ISL_428838,Singapore,Singapore,Singapore
EPI_ISL_416607,Japan,Japan,Japan
EPI_ISL_416578,Japan,Japan,Japan
EPI_ISL_418994,Singapore,Japan,Japan
EPI_ISL_407988,Singapore,Singapore,Singapore
EPI_ISL_420889,Japan,Japan,Japan
EPI_ISL_416566,Japan,Japan,Japan
EPI_ISL_419831,Australia,China,Australia
EPI_ISL_416624,Japan,Japan,Japan
EPI_ISL_412969,Japan,Japan,Japan
EPI_ISL_416587,Japan,Japan,Japan
EPI_ISL_416598,Japan,Japan,Japan
EPI_ISL_419835,Australia,Japan,Australia
EPI_ISL_413459,Japan,Japan,Japan
EPI_ISL_416614,Japan,Japan,Japan
EPI_ISL_416612,Japan,Japan,Japan
EPI_ISL_416617,Japan,Japan,Japan
EPI_ISL_416611,Japan,Japan,Japan
EPI_ISL_416628,Japan,Japan,Japan
EPI_ISL_416573,Japan,Japan,Japan
EPI_ISL_416575,Japan,Japan,Japan
EPI_ISL_416596,Japan,Japan,Japan
EPI_ISL_419211,Israel,Israel,Japan
EPI_ISL_464183,UnitedKingdom,Singapore,UnitedKingdom
EPI_ISL_412030,HongKong,Japan,HongKong
EPI_ISL_451298,China,Italy,Italy
EPI_ISL_412974,Italy,Italy,Italy
EPI_ISL_451302,China,Italy,Italy
EPI_ISL_457730,Taiwan,Italy,Taiwan
EPI_ISL_415643,Georgia,Georgia,Georgia
EPI_ISL_416480,Georgia,Georgia,Georgia
EPI_ISL_415641,Georgia,Georgia,Georgia
EPI_ISL_420135,Norway,Norway,Norway
EPI_ISL_417488,Norway,Norway,Norway
EPI_ISL_420136,Norway,Norway,Norway
EPI_ISL_456220,NewZealand,NewZealand,NewZealand
EPI_ISL_413025,SouthKorea,SouthKorea,SouthKorea
EPI_ISL_427813,SouthKorea,SouthKorea,SouthKorea
EPI_ISL_427810,SouthKorea,SouthKorea,SouthKorea
EPI_ISL_427809,SouthKorea,SouthKorea,SouthKorea
EPI_ISL_420800,SouthKorea,SouthKorea,SouthKorea
EPI_ISL_420799,SouthKorea,SouthKorea,SouthKorea
EPI_ISL_456377,NewZealand,NewZealand,NewZealand
EPI_ISL_418243,Spain,NewZealand,NewZealand
EPI_ISL_414009,UnitedKingdom,UnitedKingdom,UnitedKingdom
EPI_ISL_417483,Norway,NewZealand,Norway
EPI_ISL_422685,Netherlands,Jordan,Jordan
EPI_ISL_430015,Jordan,Jordan,Jordan
EPI_ISL_429997,Jordan,Jordan,Jordan
EPI_ISL_434475,Greece,Jordan,Jordan
EPI_ISL_430014,Jordan,Jordan,Jordan
EPI_ISL_450186,Jordan,Jordan,Jordan
EPI_ISL_413019,Switzerland,NewZealand,Switzerland
EPI_ISL_413016,Italy,UnitedKingdom,Brazil
EPI_ISL_417696,Iceland,Netherlands,Brazil
EPI_ISL_437895,Greece,NewZealand,Brazil
EPI_ISL_422750,Netherlands,NewZealand,Netherlands
EPI_ISL_447271,Israel,NewZealand,Netherlands
EPI_ISL_430011,Jordan,Jordan,Jordan
EPI_ISL_430000,Jordan,Jordan,Jordan
EPI_ISL_437611,Thailand,NewZealand,NewZealand
EPI_ISL_456168,NewZealand,NewZealand,NewZealand
EPI_ISL_464216,UnitedKingdom,UnitedKingdom,UnitedKingdom
EPI_ISL_461182,Netherlands,Netherlands,Netherlands
EPI_ISL_416032,Brazil,UnitedKingdom,Brazil
EPI_ISL_416516,Australia,Austria,Australia
EPI_ISL_419569,Luxembourg,Luxembourg,Luxembourg
EPI_ISL_462450,BosniaandHerzegovina,Oman,UnitedKingdom
EPI_ISL_437303,Austria,Austria,Austria
EPI_ISL_457990,Oman,Oman,Oman
EPI_ISL_457995,Oman,Oman,Oman
EPI_ISL_457959,Uruguay,Uruguay,Uruguay
EPI_ISL_457961,Uruguay,Uruguay,Uruguay
EPI_ISL_464168,UnitedKingdom,UnitedKingdom,UnitedKingdom
EPI_ISL_417498,USA,Canada,Canada
EPI_ISL_418858,Canada,Canada,Canada
EPI_ISL_464180,UnitedKingdom,UnitedKingdom,UnitedKingdom
EPI_ISL_464178,UnitedKingdom,UnitedKingdom,UnitedKingdom
EPI_ISL_414006,UnitedKingdom,UnitedKingdom,UnitedKingdom
EPI_ISL_434462,Greece,Greece,Greece
EPI_ISL_437910,Greece,Greece,Greece
EPI_ISL_435698,Singapore,UnitedKingdom,Singapore
EPI_ISL_437892,Greece,UnitedKingdom,Greece
EPI_ISL_425702,UnitedKingdom,UnitedKingdom,UnitedKingdom
EPI_ISL_462422,Singapore,UnitedKingdom,UnitedKingdom
EPI_ISL_415128,Brazil,UnitedKingdom,UnitedKingdom
EPI_ISL_456173,NewZealand,UnitedKingdom,NewZealand
EPI_ISL_421915,UnitedKingdom,UnitedKingdom,UnitedKingdom
EPI_ISL_437906,Greece,Greece,Greece
EPI_ISL_434466,Greece,UnitedKingdom,Greece
EPI_ISL_445351,Chile,UnitedKingdom,UnitedKingdom
EPI_ISL_455412,Nigeria,UnitedKingdom,Nigeria
EPI_ISL_434516,Jordan,Greece,Jordan
EPI_ISL_461968,UnitedKingdom,UnitedKingdom,UnitedKingdom
EPI_ISL_455413,Nigeria,Nigeria,UnitedKingdom
EPI_ISL_455431,Nigeria,Nigeria,Nigeria
EPI_ISL_434481,Greece,Greece,Greece
EPI_ISL_408976,China,China,Australia
EPI_ISL_419222,HongKong,China,HongKong
EPI_ISL_447919,Thailand,Thailand,Thailand
EPI_ISL_437617,Thailand,Thailand,Thailand
EPI_ISL_464092,Taiwan,China,Taiwan
EPI_ISL_451195,Uganda,Austria,Uganda
EPI_ISL_437203,Austria,Austria,Austria
EPI_ISL_437300,Austria,Austria,Austria
EPI_ISL_437201,Austria,Austria,Austria
EPI_ISL_457994,Oman,Oman,Oman
EPI_ISL_450199,Germany,Germany,Germany
EPI_ISL_450203,Germany,Germany,Germany
EPI_ISL_450204,Germany,Germany,Germany
EPI_ISL_450207,Germany,Germany,Germany
EPI_ISL_450208,Germany,Germany,Germany
EPI_ISL_450209,Germany,Germany,Germany
EPI_ISL_421655,Latvia,SaudiArabia,Latvia
EPI_ISL_450198,Germany,Germany,Germany
EPI_ISL_406862,Germany,Germany,Germany
EPI_ISL_450200,Germany,Germany,Germany
EPI_ISL_429674,Brazil,Brazil,Brazil
EPI_ISL_445243,Romania,Romania,Romania
EPI_ISL_447054,Romania,Romania,Romania
EPI_ISL_455362,Nigeria,USA,Nigeria
EPI_ISL_437716,SaudiArabia,Austria,Austria
EPI_ISL_437463,SaudiArabia,SaudiArabia,SaudiArabia
EPI_ISL_447153,Belgium,Turkey,Belgium
EPI_ISL_437304,Turkey,Turkey,Turkey
EPI_ISL_447155,Belgium,Belgium,Belgium
EPI_ISL_455969,Belgium,Belgium,Belgium
EPI_ISL_455972,Belgium,Belgium,Belgium
EPI_ISL_428346,Turkey,Turkey,Turkey
EPI_ISL_427391,Turkey,Turkey,Turkey
EPI_ISL_426285,Latvia,Turkey,Turkey
EPI_ISL_450350,Norway,NewZealand,Norway
EPI_ISL_456248,NewZealand,NewZealand,Norway
EPI_ISL_419299,Egypt,Japan,Japan
EPI_ISL_419300,Egypt,Japan,Japan
EPI_ISL_418344,Canada,Canada,Canada
EPI_ISL_418345,Canada,USA,USA
EPI_ISL_419296,Egypt,Japan,Japan
EPI_ISL_437894,Greece,Colombia,Greece
EPI_ISL_447743,Colombia,Colombia,Colombia
EPI_ISL_447806,Colombia,Colombia,Colombia
EPI_ISL_459875,Canada,Colombia,Canada
EPI_ISL_447763,Colombia,Colombia,Colombia
EPI_ISL_456144,Colombia,Colombia,Colombia
EPI_ISL_418399,Finland,Colombia,Finland
EPI_ISL_419298,Egypt,Japan,Japan
EPI_ISL_463444,USA,USA,USA
EPI_ISL_463635,USA,USA,USA
EPI_ISL_463338,USA,USA,USA
EPI_ISL_429681,Brazil,Brazil,SaudiArabia
EPI_ISL_447769,Colombia,Colombia,Colombia
EPI_ISL_464008,Canada,Colombia,Colombia
EPI_ISL_428798,USA,USA,USA
EPI_ISL_447812,Colombia,Colombia,Colombia
EPI_ISL_456153,Colombia,USA,SaudiArabia
EPI_ISL_435583,USA,USA,USA
EPI_ISL_418382,Canada,Canada,Canada
EPI_ISL_420599,Argentina,Brazil,Argentina
EPI_ISL_447813,Colombia,Colombia,Colombia
EPI_ISL_437481,SaudiArabia,SaudiArabia,SaudiArabia
EPI_ISL_444474,India,India,India
EPI_ISL_444480,India,India,India
EPI_ISL_445235,Sweden,Finland,SaudiArabia
EPI_ISL_452949,UnitedKingdom,Finland,Finland
EPI_ISL_418394,Finland,Finland,Finland
EPI_ISL_418393,Finland,Finland,Finland
EPI_ISL_418395,Finland,Finland,Finland
EPI_ISL_418401,Finland,Finland,Finland
EPI_ISL_418406,Finland,Finland,Finland
EPI_ISL_437202,Austria,Austria,Austria
EPI_ISL_437299,Austria,Austria,Austria
EPI_ISL_437298,Austria,Austria,Austria
EPI_ISL_437748,SaudiArabia,SaudiArabia,SaudiArabia
EPI_ISL_455313,Malaysia,SaudiArabia,SaudiArabia
EPI_ISL_437731,SaudiArabia,SaudiArabia,SaudiArabia
EPI_ISL_437310,Turkey,Turkey,Turkey
EPI_ISL_428723,SaudiArabia,Turkey,India
EPI_ISL_461491,India,SaudiArabia,India
EPI_ISL_463061,India,India,India
EPI_ISL_461488,India,India,India
EPI_ISL_451162,India,India,India
EPI_ISL_435055,India,India,India
EPI_ISL_466638,Bangladesh,Bangladesh,Bangladesh
EPI_ISL_466639,Bangladesh,Bangladesh,Bangladesh
EPI_ISL_466692,Bangladesh,Bangladesh,Bangladesh
EPI_ISL_450343,Bangladesh,Bangladesh,Bangladesh
EPI_ISL_450344,Bangladesh,Bangladesh,Bangladesh
EPI_ISL_416521,SaudiArabia,SaudiArabia,SaudiArabia
EPI_ISL_437491,SaudiArabia,SaudiArabia,SaudiArabia
EPI_ISL_447539,India,India,India
EPI_ISL_428909,Russia,SaudiArabia,SaudiArabia
EPI_ISL_437713,SaudiArabia,SaudiArabia,SaudiArabia
EPI_ISL_437714,SaudiArabia,SaudiArabia,SaudiArabia
EPI_ISL_437737,SaudiArabia,SaudiArabia,SaudiArabia
EPI_ISL_437474,SaudiArabia,SaudiArabia,SaudiArabia
EPI_ISL_437473,SaudiArabia,SaudiArabia,SaudiArabia
EPI_ISL_450187,Jordan,SaudiArabia,SaudiArabia
EPI_ISL_437709,SaudiArabia,SaudiArabia,SaudiArabia
EPI_ISL_456566,Australia,SaudiArabia,Australia
EPI_ISL_437482,SaudiArabia,SaudiArabia,SaudiArabia
EPI_ISL_429866,SaudiArabia,SaudiArabia,Turkey
EPI_ISL_437485,SaudiArabia,SaudiArabia,SaudiArabia
EPI_ISL_437470,SaudiArabia,SaudiArabia,SaudiArabia
EPI_ISL_437494,SaudiArabia,SaudiArabia,SaudiArabia
EPI_ISL_437469,SaudiArabia,SaudiArabia,SaudiArabia
EPI_ISL_437478,SaudiArabia,SaudiArabia,SaudiArabia
EPI_ISL_437487,SaudiArabia,SaudiArabia,SaudiArabia
EPI_ISL_437758,SaudiArabia,SaudiArabia,SaudiArabia
EPI_ISL_437762,SaudiArabia,SaudiArabia,SaudiArabia
EPI_ISL_429871,SaudiArabia,SaudiArabia,Turkey
EPI_ISL_437493,SaudiArabia,SaudiArabia,SaudiArabia
EPI_ISL_437738,SaudiArabia,SaudiArabia,SaudiArabia
EPI_ISL_437749,SaudiArabia,SaudiArabia,SaudiArabia
EPI_ISL_450740,Vietnam,France,Vietnam
EPI_ISL_418219,France,France,France
EPI_ISL_435415,Hungary,France,Hungary
EPI_ISL_429669,Brazil,France,SaudiArabia
EPI_ISL_419179,France,France,France
EPI_ISL_447453,Israel,Israel,Israel
EPI_ISL_419168,France,France,France
EPI_ISL_445343,Chile,Chile,Chile
EPI_ISL_445354,Chile,Chile,Chile
EPI_ISL_445357,Chile,Chile,Chile
EPI_ISL_445379,Chile,Chile,Chile
EPI_ISL_445328,Chile,Chile,Chile
EPI_ISL_445368,Chile,Chile,Chile
EPI_ISL_443303,France,France,France
EPI_ISL_437302,Austria,Netherlands,Austria
EPI_ISL_460953,Netherlands,Netherlands,Netherlands
EPI_ISL_461385,Netherlands,Netherlands,Netherlands
EPI_ISL_461390,Netherlands,Netherlands,Netherlands
EPI_ISL_455159,Netherlands,Netherlands,Netherlands
EPI_ISL_460915,Netherlands,Netherlands,Netherlands
EPI_ISL_462470,BosniaandHerzegovina,Netherlands,BosniaandHerzegovina
EPI_ISL_460909,Netherlands,Netherlands,Netherlands
EPI_ISL_460965,Netherlands,Netherlands,Netherlands
EPI_ISL_460994,Netherlands,Netherlands,Netherlands
EPI_ISL_460979,Netherlands,Netherlands,Netherlands
EPI_ISL_460920,Netherlands,Netherlands,Netherlands
EPI_ISL_460964,Netherlands,Netherlands,Netherlands
EPI_ISL_460872,Netherlands,Netherlands,Netherlands
EPI_ISL_460921,Netherlands,Netherlands,Netherlands
EPI_ISL_460903,Netherlands,Netherlands,Netherlands
EPI_ISL_460971,Netherlands,Netherlands,Netherlands
EPI_ISL_459976,Morocco,France,France
EPI_ISL_420073,Senegal,France,Senegal
EPI_ISL_428347,France,France,France
EPI_ISL_415654,France,France,France
EPI_ISL_443306,France,France,France
EPI_ISL_418390,Finland,France,France
EPI_ISL_414632,France,France,France
EPI_ISL_460235,USA,Israel,France
EPI_ISL_414637,France,France,France
EPI_ISL_414626,France,Israel,France
EPI_ISL_426718,Australia,France,France
EPI_ISL_417440,DemocraticRepublicoftheCongo,DemocraticRepublicoftheCongo,DemocraticRepublicoftheCongo
EPI_ISL_420034,DemocraticRepublicoftheCongo,DemocraticRepublicoftheCongo,DemocraticRepublicoftheCongo
EPI_ISL_420839,DemocraticRepublicoftheCongo,DemocraticRepublicoftheCongo,DemocraticRepublicoftheCongo
EPI_ISL_414647,DemocraticRepublicoftheCongo,France,DemocraticRepublicoftheCongo
EPI_ISL_443258,France,France,France
EPI_ISL_447463,Israel,Israel,Israel
EPI_ISL_447294,Israel,Israel,Israel
EPI_ISL_447347,Israel,Israel,Israel
EPI_ISL_447384,Israel,Israel,Israel
EPI_ISL_455419,Nigeria,France,France
EPI_ISL_443260,France,France,France
EPI_ISL_454298,Portugal,Poland,Portugal
EPI_ISL_428930,Poland,Poland,Portugal
EPI_ISL_418233,France,France,France
EPI_ISL_434500,Luxembourg,France,France
EPI_ISL_443292,France,France,France
EPI_ISL_420076,Senegal,France,France
EPI_ISL_437332,Iran,France,Turkey
EPI_ISL_455974,Belgium,Belgium,Australia
EPI_ISL_457996,Oman,Australia,Australia
EPI_ISL_456476,Australia,Australia,Australia
EPI_ISL_456504,Australia,Australia,Australia
EPI_ISL_454213,Portugal,Portugal,Portugal
EPI_ISL_454197,Portugal,Portugal,Portugal
EPI_ISL_459906,Luxembourg,Luxembourg,Luxembourg
EPI_ISL_459896,Luxembourg,Luxembourg,Luxembourg
EPI_ISL_459900,Luxembourg,Luxembourg,Luxembourg
EPI_ISL_459893,Luxembourg,Luxembourg,Luxembourg
EPI_ISL_459899,Luxembourg,Luxembourg,Luxembourg
EPI_ISL_459901,Luxembourg,Luxembourg,Luxembourg
EPI_ISL_459903,Luxembourg,Luxembourg,Luxembourg
EPI_ISL_459894,Luxembourg,Luxembourg,Luxembourg
EPI_ISL_445075,Luxembourg,Luxembourg,Luxembourg
EPI_ISL_455900,Sweden,France,Sweden
EPI_ISL_416502,France,France,France
EPI_ISL_416478,Georgia,France,Georgia
EPI_ISL_443215,Singapore,France,Singapore
EPI_ISL_418218,France,France,France
EPI_ISL_429968,France,France,France
EPI_ISL_443230,Singapore,France,Singapore
EPI_ISL_422419,USA,France,Taiwan
EPI_ISL_451892,Switzerland,France,France
EPI_ISL_447313,Israel,USA,Israel
EPI_ISL_425138,Germany,USA,Germany
EPI_ISL_417338,France,France,France
EPI_ISL_435314,Vietnam,France,Vietnam
EPI_ISL_420072,Senegal,USA,USA
EPI_ISL_455450,Poland,France,Poland
EPI_ISL_427306,Brazil,USA,Brazil
EPI_ISL_435119,UnitedArabEmirates,France,UnitedArabEmirates
EPI_ISL_430850,Sweden,France,Sweden
EPI_ISL_414625,France,France,France
EPI_ISL_443285,France,France,France
EPI_ISL_459982,Morocco,France,Morocco
EPI_ISL_452056,Denmark,USA,Denmark
EPI_ISL_437309,Turkey,France,Turkey
EPI_ISL_451831,Switzerland,France,Switzerland
EPI_ISL_437365,USA,France,USA
EPI_ISL_422421,Poland,Taiwan,Taiwan
EPI_ISL_428877,Russia,Taiwan,Taiwan
EPI_ISL_437987,Austria,Norway,Austria
EPI_ISL_420150,Norway,Norway,Norway
EPI_ISL_418374,Canada,France,Canada
EPI_ISL_420312,Norway,Norway,Norway
EPI_ISL_420311,Norway,Norway,Norway
EPI_ISL_429992,Jordan,Switzerland,Jordan
EPI_ISL_451867,Switzerland,Switzerland,Switzerland
EPI_ISL_449791,Norway,France,Norway
EPI_ISL_415159,Belgium,Belgium,Belgium
EPI_ISL_413572,Netherlands,Netherlands,Netherlands
EPI_ISL_459979,Morocco,Netherlands,Morocco
EPI_ISL_429311,Denmark,Denmark,Denmark
EPI_ISL_456297,NewZealand,Denmark,Denmark
EPI_ISL_452088,Denmark,Denmark,Denmark
EPI_ISL_452057,Denmark,Denmark,Denmark
EPI_ISL_444967,Denmark,Denmark,Denmark
EPI_ISL_444911,Denmark,Denmark,Denmark
EPI_ISL_456463,Australia,Australia,Australia
EPI_ISL_456540,Australia,Australia,Australia
EPI_ISL_456550,Australia,Australia,Australia
EPI_ISL_421503,France,France,France
EPI_ISL_426887,CzechRepublic,CzechRepublic,CzechRepublic
EPI_ISL_426884,CzechRepublic,CzechRepublic,CzechRepublic
EPI_ISL_426051,CzechRepublic,CzechRepublic,CzechRepublic
EPI_ISL_450739,Vietnam,France,France
EPI_ISL_461473,USA,France,USA
EPI_ISL_443315,France,France,France
EPI_ISL_459891,Canada,USA,USA
EPI_ISL_451266,USA,USA,USA
EPI_ISL_451248,USA,USA,USA
EPI_ISL_434946,USA,USA,USA
EPI_ISL_463906,Canada,Canada,Canada
EPI_ISL_463942,Canada,Canada,Canada
EPI_ISL_430708,Australia,USA,USA
EPI_ISL_451282,USA,USA,USA
EPI_ISL_463298,USA,USA,USA
EPI_ISL_434847,USA,USA,USA
EPI_ISL_427383,Belgium,Luxembourg,Luxembourg
EPI_ISL_419591,Luxembourg,Luxembourg,Luxembourg
EPI_ISL_419597,Luxembourg,Luxembourg,Luxembourg
EPI_ISL_420048,France,France,France
EPI_ISL_418209,Senegal,France,Senegal
EPI_ISL_447389,Israel,France,Senegal
EPI_ISL_418206,Senegal,Senegal,Senegal
EPI_ISL_418207,Senegal,Senegal,Senegal
EPI_ISL_418208,Senegal,Senegal,Senegal
EPI_ISL_460835,Netherlands,Senegal,Senegal
EPI_ISL_443279,France,France,France
EPI_ISL_463947,Canada,Israel,Israel
EPI_ISL_418358,Canada,Israel,Canada
EPI_ISL_417420,China,Israel,China
EPI_ISL_463130,USA,Israel,USA
EPI_ISL_447402,Israel,Israel,Israel
EPI_ISL_456251,NewZealand,Israel,Israel
EPI_ISL_447338,Israel,Israel,Israel
EPI_ISL_447434,Israel,Israel,Israel
EPI_ISL_447401,Israel,Israel,Israel
EPI_ISL_454501,Kazakhstan,Kazakhstan,Kazakhstan
EPI_ISL_454585,Kazakhstan,Kazakhstan,Kazakhstan
EPI_ISL_454575,Kazakhstan,Kazakhstan,Kazakhstan
EPI_ISL_430810,Argentina,Israel,Argentina
EPI_ISL_430816,Argentina,Argentina,Argentina
EPI_ISL_447444,Israel,Israel,Israel
EPI_ISL_447438,Israel,Israel,Israel
EPI_ISL_430798,Argentina,Argentina,Argentina
EPI_ISL_465696,Canada,Argentina,Canada
EPI_ISL_447290,Israel,Israel,Israel
EPI_ISL_447283,Israel,Israel,Israel
EPI_ISL_435410,Hungary,USA,Israel
EPI_ISL_418400,Finland,Finland,Finland
EPI_ISL_418396,Finland,USA,Finland
EPI_ISL_437985,Austria,Luxembourg,Austria
EPI_ISL_455434,Argentina,Israel,Israel
EPI_ISL_447426,Israel,Israel,Israel
EPI_ISL_443302,France,France,France
EPI_ISL_415466,Netherlands,Netherlands,Netherlands
EPI_ISL_437938,Austria,Austria,Germany
EPI_ISL_425122,Germany,Germany,Germany
EPI_ISL_450347,Norway,Germany,Norway
EPI_ISL_438180,USA,USA,USA
EPI_ISL_434191,USA,USA,USA
EPI_ISL_463610,USA,USA,USA
EPI_ISL_418220,France,USA,France
EPI_ISL_434663,Sweden,Sweden,Sweden
EPI_ISL_447287,Israel,Israel,Israel
EPI_ISL_435412,Hungary,France,Hungary
EPI_ISL_419549,Germany,USA,Germany
EPI_ISL_429787,Luxembourg,Luxembourg,Luxembourg
EPI_ISL_419595,Luxembourg,Luxembourg,Luxembourg
EPI_ISL_419708,USA,USA,USA
EPI_ISL_430858,Sweden,Denmark,Sweden
EPI_ISL_444954,Denmark,Denmark,Denmark
EPI_ISL_444885,Denmark,Denmark,Denmark
EPI_ISL_437095,Latvia,Sweden,Sweden
EPI_ISL_429131,Sweden,Sweden,Sweden
EPI_ISL_437020,Denmark,Denmark,Denmark
EPI_ISL_452066,Denmark,Denmark,Denmark
EPI_ISL_444929,Denmark,Denmark,Denmark
EPI_ISL_434674,Sweden,France,Sweden
EPI_ISL_459998,USA,France,USA
EPI_ISL_456303,NewZealand,NewZealand,NewZealand
EPI_ISL_460336,USA,NewZealand,NewZealand
EPI_ISL_456246,NewZealand,NewZealand,NewZealand
EPI_ISL_456266,NewZealand,NewZealand,NewZealand
EPI_ISL_456268,NewZealand,NewZealand,NewZealand
EPI_ISL_456316,NewZealand,NewZealand,NewZealand
EPI_ISL_456328,NewZealand,NewZealand,NewZealand
EPI_ISL_416506,France,USA,France
EPI_ISL_437965,Austria,Austria,Austria
EPI_ISL_465692,Canada,USA,Canada
EPI_ISL_449793,Norway,Norway,Norway
EPI_ISL_449792,Norway,Norway,Norway
EPI_ISL_449794,Norway,Norway,Norway
EPI_ISL_429996,Jordan,Jordan,Jordan
EPI_ISL_430006,Jordan,Jordan,Jordan
EPI_ISL_455107,Sweden,Sweden,Sweden
EPI_ISL_455845,Sweden,Sweden,Sweden
EPI_ISL_434659,Sweden,Sweden,Sweden
EPI_ISL_455104,Sweden,Sweden,Sweden
EPI_ISL_445240,Sweden,Sweden,Sweden
EPI_ISL_450811,Sweden,Sweden,Sweden
EPI_ISL_455105,Sweden,Sweden,Sweden
EPI_ISL_434675,Sweden,Sweden,Sweden
EPI_ISL_450832,Sweden,Sweden,Sweden
EPI_ISL_457707,Oman,Sweden,Denmark
EPI_ISL_445236,Sweden,Sweden,Sweden
EPI_ISL_462471,BosniaandHerzegovina,Sweden,BosniaandHerzegovina
EPI_ISL_437654,Denmark,Sweden,Denmark
EPI_ISL_455103,Sweden,Sweden,Sweden
EPI_ISL_445239,Sweden,Sweden,Sweden
EPI_ISL_434641,Sweden,Sweden,Sweden
EPI_ISL_445237,Sweden,Sweden,Sweden
EPI_ISL_445227,Sweden,Sweden,Sweden
EPI_ISL_455108,Sweden,Sweden,Sweden
EPI_ISL_420906,Germany,USA,Germany
EPI_ISL_421756,Luxembourg,Luxembourg,Luxembourg
EPI_ISL_426961,Australia,Australia,Australia
EPI_ISL_447291,Israel,Israel,Israel
EPI_ISL_462396,Singapore,Singapore,Singapore
EPI_ISL_445067,Luxembourg,France,Luxembourg
EPI_ISL_456728,UnitedKingdom,France,UnitedKingdom
EPI_ISL_456147,Colombia,Denmark,Colombia
EPI_ISL_445085,Colombia,Colombia,Sweden
EPI_ISL_456151,Colombia,Colombia,Colombia
EPI_ISL_445284,Chile,Chile,Chile
EPI_ISL_450346,Norway,Taiwan,Norway
EPI_ISL_445283,Chile,France,Chile
EPI_ISL_456188,NewZealand,Germany,NewZealand
EPI_ISL_429883,Taiwan,Singapore,Taiwan
EPI_ISL_447771,Colombia,Colombia,Colombia
EPI_ISL_447768,Colombia,Chile,Colombia
EPI_ISL_458233,Belgium,Colombia,Denmark
EPI_ISL_447766,Colombia,Colombia,Colombia
EPI_ISL_430573,Australia,Colombia,Israel
EPI_ISL_436108,Taiwan,Taiwan,Taiwan
EPI_ISL_447793,Colombia,Colombia,Colombia
EPI_ISL_447467,Israel,Israel,Israel
EPI_ISL_447455,Israel,Netherlands,Israel
EPI_ISL_452149,Belgium,USA,Belgium
EPI_ISL_417875,Austria,France,Iceland
EPI_ISL_460816,Netherlands,Netherlands,Netherlands
EPI_ISL_447374,Israel,Israel,Israel
EPI_ISL_447372,Israel,Israel,Israel
EPI_ISL_429378,Denmark,Denmark,Denmark
EPI_ISL_429395,Denmark,Denmark,Denmark
EPI_ISL_429358,Denmark,Denmark,Denmark
EPI_ISL_447795,Colombia,USA,Colombia
EPI_ISL_456214,NewZealand,NewZealand,NewZealand
EPI_ISL_435700,Singapore,NewZealand,Singapore
EPI_ISL_435123,UnitedArabEmirates,UnitedArabEmirates,UnitedArabEmirates
EPI_ISL_418351,Canada,Taiwan,Canada
EPI_ISL_418386,Finland,Denmark,Finland
EPI_ISL_435130,UnitedArabEmirates,UnitedArabEmirates,UnitedArabEmirates
EPI_ISL_429534,Denmark,Denmark,Denmark
EPI_ISL_443314,France,USA,France
EPI_ISL_447297,Israel,Denmark,Israel
EPI_ISL_422412,Austria,Taiwan,Taiwan
EPI_ISL_438034,Austria,Austria,Austria
EPI_ISL_419541,Germany,USA,Germany
EPI_ISL_438037,Austria,Austria,Austria
EPI_ISL_417742,Iceland,Austria,France
EPI_ISL_420905,Germany,Germany,Germany
EPI_ISL_437643,Denmark,Denmark,Denmark
EPI_ISL_437645,Denmark,Denmark,Denmark
EPI_ISL_452092,Denmark,Denmark,Denmark
EPI_ISL_435706,USA,USA,USA
EPI_ISL_437949,Austria,Austria,Austria
EPI_ISL_463996,Canada,Colombia,Canada
EPI_ISL_462902,USA,USA,USA
EPI_ISL_414642,Finland,Denmark,Finland
EPI_ISL_429352,Denmark,Denmark,Denmark
EPI_ISL_454477,Sweden,Sweden,Sweden
EPI_ISL_435129,UnitedArabEmirates,Sweden,UnitedArabEmirates
EPI_ISL_420143,Norway,Denmark,Norway
EPI_ISL_454898,Sweden,Sweden,Sweden
EPI_ISL_444841,Denmark,Denmark,Denmark
EPI_ISL_454446,Sweden,Sweden,Sweden
EPI_ISL_437392,USA,USA,USA
EPI_ISL_437382,USA,USA,USA
EPI_ISL_455429,Nigeria,USA,Nigeria
EPI_ISL_420140,Georgia,USA,Georgia
EPI_ISL_447055,Georgia,USA,Georgia
EPI_ISL_447056,Georgia,SaudiArabia,Georgia
EPI_ISL_419606,Luxembourg,Luxembourg,Luxembourg
EPI_ISL_418967,USA,USA,USA
EPI_ISL_420630,USA,USA,USA
EPI_ISL_444735,USA,USA,USA
EPI_ISL_437432,USA,USA,USA
EPI_ISL_419545,Germany,Germany,Germany
EPI_ISL_419543,Germany,Canada,Germany
EPI_ISL_437683,Denmark,Denmark,Denmark
EPI_ISL_450745,Vietnam,Colombia,Vietnam
EPI_ISL_430386,USA,USA,USA
EPI_ISL_452054,Denmark,France,Denmark
EPI_ISL_443284,France,France,France
EPI_ISL_463988,Canada,Canada,Canada
EPI_ISL_422430,Singapore,Colombia,USA
EPI_ISL_421417,USA,USA,USA
EPI_ISL_451803,Switzerland,Switzerland,Switzerland
EPI_ISL_436962,Denmark,Canada,Denmark
EPI_ISL_463981,Canada,Canada,Canada
EPI_ISL_425132,Germany,Netherlands,Germany
EPI_ISL_454532,India,India,India
EPI_ISL_452195,India,India,India
EPI_ISL_418251,Spain,Spain,Spain
EPI_ISL_418247,Spain,Spain,Spain
EPI_ISL_437331,SaudiArabia,Turkey,Turkey
EPI_ISL_437335,Turkey,Turkey,Turkey
EPI_ISL_437747,SaudiArabia,Turkey,SaudiArabia
EPI_ISL_450528,Poland,Austria,Poland
EPI_ISL_452354,Italy,China,China
EPI_ISL_452356,UnitedKingdom,China,China
EPI_ISL_435136,UnitedArabEmirates,UnitedArabEmirates,Sweden
EPI_ISL_429136,Sweden,Sweden,Sweden
EPI_ISL_429158,Sweden,Sweden,Sweden
EPI_ISL_429141,Sweden,Sweden,Sweden
EPI_ISL_454831,India,SaudiArabia,India
EPI_ISL_437472,SaudiArabia,SaudiArabia,SaudiArabia
EPI_ISL_437752,SaudiArabia,SaudiArabia,SaudiArabia
EPI_ISL_451307,Italy,Italy,Italy
EPI_ISL_416482,Georgia,Georgia,Georgia
EPI_ISL_456365,NewZealand,NewZealand,NewZealand
EPI_ISL_456362,NewZealand,NewZealand,NewZealand
EPI_ISL_454252,Portugal,Portugal,Portugal
EPI_ISL_454272,Portugal,Portugal,Portugal
EPI_ISL_443307,France,France,France
EPI_ISL_448790,UnitedKingdom,Poland,UnitedKingdom
EPI_ISL_451978,Poland,Poland,Poland
EPI_ISL_451972,Poland,Poland,Poland
EPI_ISL_451979,Poland,Poland,Poland
EPI_ISL_466888,Germany,Belgium,Germany
EPI_ISL_429137,Sweden,Norway,Sweden
EPI_ISL_417563,UnitedKingdom,Norway,Iceland
EPI_ISL_420139,Norway,Norway,Norway
EPI_ISL_454527,India,Norway,India
EPI_ISL_437301,Austria,Austria,Austria
EPI_ISL_426289,Latvia,Norway,Latvia
EPI_ISL_452098,Denmark,Switzerland,Switzerland
EPI_ISL_413999,Switzerland,Switzerland,Switzerland
EPI_ISL_447240,DemocraticRepublicoftheCongo,DemocraticRepublicoftheCongo,DemocraticRepublicoftheCongo
EPI_ISL_420032,DemocraticRepublicoftheCongo,DemocraticRepublicoftheCongo,DemocraticRepublicoftheCongo
EPI_ISL_417434,DemocraticRepublicoftheCongo,DemocraticRepublicoftheCongo,DemocraticRepublicoftheCongo
EPI_ISL_443294,France,France,DemocraticRepublicoftheCongo
EPI_ISL_451830,Switzerland,France,DemocraticRepublicoftheCongo
EPI_ISL_447248,DemocraticRepublicoftheCongo,DemocraticRepublicoftheCongo,DemocraticRepublicoftheCongo
EPI_ISL_447235,DemocraticRepublicoftheCongo,DemocraticRepublicoftheCongo,DemocraticRepublicoftheCongo
EPI_ISL_447232,DemocraticRepublicoftheCongo,DemocraticRepublicoftheCongo,DemocraticRepublicoftheCongo
EPI_ISL_454900,Sweden,Sweden,Sweden
EPI_ISL_428870,Russia,Russia,Russia
EPI_ISL_428879,Russia,Russia,Russia
EPI_ISL_428960,Luxembourg,Luxembourg,Luxembourg
EPI_ISL_429734,Luxembourg,Luxembourg,Luxembourg
EPI_ISL_418260,Italy,Italy,Italy
EPI_ISL_455445,Poland,Poland,Poland
EPI_ISL_455446,Poland,Poland,Poland
EPI_ISL_435128,UnitedArabEmirates,Sweden,UnitedArabEmirates
EPI_ISL_460079,Italy,Italy,Italy
EPI_ISL_460083,Italy,Italy,Italy
EPI_ISL_457749,Italy,Norway,Norway
EPI_ISL_462462,BosniaandHerzegovina,Norway,BosniaandHerzegovina
EPI_ISL_420146,Norway,Norway,Norway
EPI_ISL_418801,Australia,Norway,Australia
EPI_ISL_462248,Belgium,Kazakhstan,Belgium
EPI_ISL_447837,Norway,Norway,Norway
EPI_ISL_455700,Vietnam,Vietnam,Vietnam
EPI_ISL_428861,Russia,Norway,Russia
EPI_ISL_420313,Norway,Norway,Norway
EPI_ISL_455121,Netherlands,Netherlands,Netherlands
EPI_ISL_461329,Netherlands,Netherlands,Netherlands
EPI_ISL_460938,Netherlands,Netherlands,Netherlands
EPI_ISL_450352,Norway,Norway,Norway
EPI_ISL_436900,USA,France,Norway
EPI_ISL_420456,Australia,Poland,Chile
EPI_ISL_445334,Chile,Chile,Chile
EPI_ISL_428932,Poland,Poland,Poland
EPI_ISL_414523,UnitedKingdom,UnitedKingdom,UnitedKingdom
EPI_ISL_437904,Greece,Greece,Greece
EPI_ISL_445295,Chile,Greece,Chile
EPI_ISL_460684,Netherlands,Netherlands,Netherlands
EPI_ISL_435141,UnitedArabEmirates,France,UnitedArabEmirates
EPI_ISL_424626,Mexico,UnitedKingdom,UnitedKingdom
EPI_ISL_448313,UnitedKingdom,UnitedKingdom,UnitedKingdom
EPI_ISL_451202,Uganda,BosniaandHerzegovina,Uganda
EPI_ISL_429732,Luxembourg,Italy,Luxembourg
EPI_ISL_413602,Italy,India,Finland
EPI_ISL_460093,Italy,Italy,Italy
EPI_ISL_434878,USA,Netherlands,USA
EPI_ISL_455973,Belgium,Hungary,Italy
EPI_ISL_414624,France,Italy,Switzerland
EPI_ISL_428876,Russia,Italy,Russia
EPI_ISL_413575,Netherlands,Italy,Netherlands
EPI_ISL_451862,Switzerland,Italy,Luxembourg
EPI_ISL_445055,Luxembourg,Italy,Luxembourg
EPI_ISL_435146,Italy,Italy,Italy
EPI_ISL_435147,Italy,Italy,Italy
EPI_ISL_437221,Germany,Germany,Germany
EPI_ISL_466889,Germany,Germany,Germany
EPI_ISL_452191,Italy,Italy,Italy
EPI_ISL_452190,Italy,Italy,Italy
EPI_ISL_413996,Switzerland,Switzerland,Switzerland
EPI_ISL_461965,UnitedKingdom,Italy,UnitedKingdom
EPI_ISL_418842,Canada,Greece,Canada
EPI_ISL_419255,Italy,Italy,Italy
EPI_ISL_429226,Italy,Italy,Italy
EPI_ISL_421760,Luxembourg,Italy,Luxembourg
EPI_ISL_444432,UnitedKingdom,Switzerland,UnitedKingdom
EPI_ISL_437291,Germany,Germany,Germany
EPI_ISL_437911,Greece,Greece,Luxembourg
EPI_ISL_437292,Germany,Germany,Germany
EPI_ISL_421550,USA,Belgium,USA
EPI_ISL_437339,DemocraticRepublicoftheCongo,Luxembourg,DemocraticRepublicoftheCongo
EPI_ISL_453999,Portugal,Portugal,Portugal
EPI_ISL_453998,Portugal,Portugal,Portugal
EPI_ISL_444972,Spain,Spain,Spain
EPI_ISL_430796,Argentina,Spain,Spain
EPI_ISL_460090,Italy,Italy,Italy
EPI_ISL_464195,UnitedKingdom,Italy,UnitedKingdom
EPI_ISL_420346,Belgium,Netherlands,Belgium
EPI_ISL_462236,Belgium,Switzerland,Belgium
EPI_ISL_460088,Italy,Italy,Italy
EPI_ISL_460086,Italy,Italy,Italy
EPI_ISL_416524,Japan,Japan,Japan
EPI_ISL_416525,Japan,Japan,Japan
EPI_ISL_454000,Portugal,India,Portugal
EPI_ISL_425140,Germany,France,DemocraticRepublicoftheCongo
EPI_ISL_456353,NewZealand,NewZealand,NewZealand
EPI_ISL_435431,Hungary,NewZealand,Hungary
EPI_ISL_451879,Switzerland,Switzerland,Switzerland
EPI_ISL_449070,UnitedKingdom,UnitedKingdom,UnitedKingdom
EPI_ISL_466949,Switzerland,Switzerland,Switzerland
EPI_ISL_437354,DemocraticRepublicoftheCongo,France,DemocraticRepublicoftheCongo
EPI_ISL_418217,Senegal,Luxembourg,Senegal
EPI_ISL_424647,Belgium,Belgium,Belgium
EPI_ISL_451180,Belgium,Belgium,Belgium
EPI_ISL_416752,France,France,France
EPI_ISL_451914,Switzerland,France,Switzerland
EPI_ISL_420853,DemocraticRepublicoftheCongo,Luxembourg,DemocraticRepublicoftheCongo
EPI_ISL_458195,Belgium,France,Belgium
EPI_ISL_466977,Switzerland,Switzerland,Switzerland
EPI_ISL_443291,France,France,France
EPI_ISL_443261,France,France,France
EPI_ISL_458215,Belgium,France,Belgium
EPI_ISL_429739,Luxembourg,Luxembourg,DemocraticRepublicoftheCongo
EPI_ISL_417337,France,France,France
EPI_ISL_417339,France,France,France
EPI_ISL_445057,Luxembourg,France,Luxembourg
EPI_ISL_417534,Luxembourg,Luxembourg,Luxembourg
EPI_ISL_419570,Luxembourg,Luxembourg,Luxembourg
EPI_ISL_443305,France,Belgium,Luxembourg
EPI_ISL_420030,DemocraticRepublicoftheCongo,DemocraticRepublicoftheCongo,DemocraticRepublicoftheCongo
EPI_ISL_447140,Belgium,Belgium,Belgium
EPI_ISL_421214,Belgium,Belgium,Belgium
EPI_ISL_459981,Morocco,Morocco,Morocco
EPI_ISL_459974,Morocco,Morocco,Morocco
EPI_ISL_459972,Morocco,Morocco,Morocco
EPI_ISL_459898,Luxembourg,Luxembourg,Luxembourg
EPI_ISL_459905,Luxembourg,Luxembourg,Luxembourg
EPI_ISL_434511,Luxembourg,Luxembourg,Luxembourg
EPI_ISL_417437,DemocraticRepublicoftheCongo,DemocraticRepublicoftheCongo,DemocraticRepublicoftheCongo
EPI_ISL_417941,DemocraticRepublicoftheCongo,DemocraticRepublicoftheCongo,DemocraticRepublicoftheCongo
EPI_ISL_417942,DemocraticRepublicoftheCongo,DemocraticRepublicoftheCongo,DemocraticRepublicoftheCongo
EPI_ISL_417442,DemocraticRepublicoftheCongo,DemocraticRepublicoftheCongo,DemocraticRepublicoftheCongo
EPI_ISL_434632,France,France,France
EPI_ISL_420070,Senegal,France,France
EPI_ISL_434634,France,France,France
EPI_ISL_434630,France,France,France
EPI_ISL_434635,France,France,France
EPI_ISL_457974,Oman,Netherlands,France
EPI_ISL_461335,Netherlands,Netherlands,Netherlands
EPI_ISL_422612,Netherlands,Netherlands,Netherlands
EPI_ISL_420598,Argentina,Netherlands,Netherlands
EPI_ISL_418419,France,DemocraticRepublicoftheCongo,Canada
EPI_ISL_450311,Canada,DemocraticRepublicoftheCongo,Canada
EPI_ISL_420847,DemocraticRepublicoftheCongo,DemocraticRepublicoftheCongo,DemocraticRepublicoftheCongo
EPI_ISL_420409,Belgium,DemocraticRepublicoftheCongo,Canada
EPI_ISL_429811,Canada,Canada,Canada
EPI_ISL_465689,Canada,France,Canada
EPI_ISL_463930,Canada,Canada,Canada
EPI_ISL_463968,Canada,Canada,Canada
EPI_ISL_463917,Canada,Canada,Canada
EPI_ISL_452223,Israel,Switzerland,Germany
EPI_ISL_437778,USA,France,USA
EPI_ISL_421506,France,France,France
EPI_ISL_451720,Switzerland,Switzerland,Switzerland
EPI_ISL_429766,Luxembourg,France,Luxembourg
EPI_ISL_434507,Luxembourg,DemocraticRepublicoftheCongo,Luxembourg
EPI_ISL_451810,Switzerland,France,Switzerland
EPI_ISL_459968,Morocco,France,Morocco
EPI_ISL_417438,DemocraticRepublicoftheCongo,DemocraticRepublicoftheCongo,DemocraticRepublicoftheCongo
EPI_ISL_421653,Latvia,Latvia,Latvia
EPI_ISL_426288,Latvia,Latvia,Latvia
EPI_ISL_451886,Switzerland,France,Switzerland
EPI_ISL_451877,Switzerland,France,Switzerland
EPI_ISL_417947,DemocraticRepublicoftheCongo,DemocraticRepublicoftheCongo,DemocraticRepublicoftheCongo
EPI_ISL_420365,Belgium,Belgium,Belgium
EPI_ISL_445216,Bangladesh,Hungary,Bangladesh
EPI_ISL_466939,Switzerland,Latvia,Switzerland
EPI_ISL_466954,Switzerland,Switzerland,Switzerland
EPI_ISL_461490,India,India,India
EPI_ISL_451728,Switzerland,Switzerland,Switzerland
EPI_ISL_435429,Hungary,Belgium,Belgium
EPI_ISL_455978,Belgium,Belgium,Belgium
EPI_ISL_447236,DemocraticRepublicoftheCongo,DemocraticRepublicoftheCongo,DemocraticRepublicoftheCongo
EPI_ISL_435163,DemocraticRepublicoftheCongo,DemocraticRepublicoftheCongo,DemocraticRepublicoftheCongo
EPI_ISL_450519,Latvia,Latvia,Latvia
EPI_ISL_450523,Latvia,Latvia,Latvia
EPI_ISL_434489,Luxembourg,DemocraticRepublicoftheCongo,Luxembourg
EPI_ISL_451755,Switzerland,Switzerland,Switzerland
EPI_ISL_462474,BosniaandHerzegovina,BosniaandHerzegovina,BosniaandHerzegovina
EPI_ISL_424658,Belgium,Belgium,Belgium
EPI_ISL_462458,BosniaandHerzegovina,BosniaandHerzegovina,BosniaandHerzegovina
EPI_ISL_462451,BosniaandHerzegovina,BosniaandHerzegovina,BosniaandHerzegovina
EPI_ISL_415705,Switzerland,Switzerland,Switzerland
EPI_ISL_420611,France,Switzerland,France
EPI_ISL_426806,Australia,Switzerland,Australia
EPI_ISL_462475,BosniaandHerzegovina,DemocraticRepublicoftheCongo,BosniaandHerzegovina
EPI_ISL_462473,BosniaandHerzegovina,BosniaandHerzegovina,BosniaandHerzegovina
EPI_ISL_462472,BosniaandHerzegovina,BosniaandHerzegovina,BosniaandHerzegovina
EPI_ISL_464072,Belgium,Belgium,Belgium
EPI_ISL_458192,Belgium,Belgium,Belgium
EPI_ISL_462468,BosniaandHerzegovina,BosniaandHerzegovina,BosniaandHerzegovina
EPI_ISL_462466,BosniaandHerzegovina,BosniaandHerzegovina,BosniaandHerzegovina
EPI_ISL_462461,BosniaandHerzegovina,Switzerland,BosniaandHerzegovina
EPI_ISL_418422,France,Switzerland,France
EPI_ISL_421752,Luxembourg,Switzerland,Luxembourg
EPI_ISL_420838,DemocraticRepublicoftheCongo,DemocraticRepublicoftheCongo,DemocraticRepublicoftheCongo
EPI_ISL_420035,DemocraticRepublicoftheCongo,DemocraticRepublicoftheCongo,DemocraticRepublicoftheCongo
EPI_ISL_421204,Belgium,Belgium,Belgium
EPI_ISL_444969,China,Luxembourg,China
EPI_ISL_445071,Luxembourg,Luxembourg,Luxembourg
EPI_ISL_435421,Hungary,Hungary,Belgium
EPI_ISL_420854,DemocraticRepublicoftheCongo,Hungary,DemocraticRepublicoftheCongo
EPI_ISL_451977,Poland,Poland,Poland
EPI_ISL_420543,Italy,India,India
EPI_ISL_420553,Italy,India,India
EPI_ISL_420547,Italy,Luxembourg,India
EPI_ISL_462270,Belgium,Belgium,Belgium
EPI_ISL_436099,Taiwan,Taiwan,Taiwan
EPI_ISL_428229,Taiwan,Taiwan,Taiwan
EPI_ISL_451987,Poland,Poland,Poland
EPI_ISL_428929,Poland,Poland,Poland
EPI_ISL_428927,Poland,Poland,Poland
EPI_ISL_427002,Australia,Australia,Australia
EPI_ISL_430669,Australia,Australia,Australia
EPI_ISL_456455,Australia,Australia,Australia
EPI_ISL_430598,Australia,Australia,Australia
EPI_ISL_426910,Australia,Australia,Australia
EPI_ISL_414015,Brazil,Brazil,Brazil
EPI_ISL_430469,Greece,Italy,Greece
EPI_ISL_416742,CzechRepublic,Italy,CzechRepublic
EPI_ISL_414477,Italy,Belgium,CzechRepublic
EPI_ISL_427445,USA,Belgium,USA
EPI_ISL_454290,Portugal,Belgium,Portugal
EPI_ISL_426888,CzechRepublic,CzechRepublic,CzechRepublic
EPI_ISL_451976,Poland,Poland,Poland
EPI_ISL_428925,Poland,Poland,Poland
EPI_ISL_428926,Poland,Poland,Poland
EPI_ISL_417186,SouthAfrica,India,SouthAfrica
EPI_ISL_416143,Denmark,Netherlands,India
EPI_ISL_414016,Brazil,Brazil,Brazil
EPI_ISL_451794,Switzerland,Switzerland,Switzerland
EPI_ISL_424572,Iceland,UnitedKingdom,Iceland
EPI_ISL_456789,UnitedKingdom,UnitedKingdom,UnitedKingdom
EPI_ISL_460094,Italy,Italy,Italy
EPI_ISL_428686,Spain,Hungary,Spain
EPI_ISL_464204,UnitedKingdom,UnitedKingdom,UnitedKingdom
EPI_ISL_417639,Iceland,Hungary,Iceland
EPI_ISL_452345,Spain,Iceland,Spain
EPI_ISL_445263,Chile,Spain,Chile
EPI_ISL_445376,Chile,Hungary,Chile
EPI_ISL_445323,Chile,Chile,Chile
EPI_ISL_445332,Chile,Chile,Chile
EPI_ISL_444835,Denmark,Denmark,Denmark
EPI_ISL_452002,Denmark,Denmark,Denmark
EPI_ISL_452615,Spain,Spain,Spain
EPI_ISL_457998,Oman,Spain,Spain
EPI_ISL_418009,Portugal,Hungary,Portugal
EPI_ISL_426365,Mexico,Mexico,Mexico
EPI_ISL_434657,Sweden,Spain,Spain
EPI_ISL_424345,Mexico,Mexico,Mexico
EPI_ISL_454533,India,Spain,India
EPI_ISL_421495,Portugal,Spain,Portugal
EPI_ISL_423438,UnitedKingdom,Spain,Spain
EPI_ISL_447756,Colombia,Spain,Colombia
EPI_ISL_444975,Spain,Spain,Spain
EPI_ISL_445252,Chile,Spain,Chile
EPI_ISL_455468,Romania,Australia,Romania
EPI_ISL_451643,Australia,Australia,Australia
EPI_ISL_444973,Spain,Spain,Spain
EPI_ISL_462997,Spain,Spain,Spain
EPI_ISL_438055,Austria,Spain,Spain
EPI_ISL_452480,Spain,Spain,Spain
EPI_ISL_452578,Spain,Spain,Spain
EPI_ISL_414019,Switzerland,Switzerland,Switzerland
EPI_ISL_451303,Italy,Switzerland,Italy
EPI_ISL_418410,Finland,UnitedKingdom,Finland
EPI_ISL_454332,Portugal,Spain,Portugal
EPI_ISL_466997,Switzerland,Switzerland,Switzerland
EPI_ISL_467003,Switzerland,Switzerland,Switzerland
EPI_ISL_456219,NewZealand,Switzerland,Switzerland
EPI_ISL_464094,Taiwan,Switzerland,Romania
EPI_ISL_455469,Romania,Romania,Romania
EPI_ISL_455472,Romania,Romania,Romania
EPI_ISL_466999,Switzerland,Switzerland,Switzerland
EPI_ISL_458248,USA,Switzerland,USA
EPI_ISL_467004,Switzerland,Switzerland,Switzerland
EPI_ISL_460084,Italy,Italy,Italy
EPI_ISL_455438,Mexico,Mexico,Spain
EPI_ISL_430806,Israel,Hungary,Argentina
EPI_ISL_435418,Hungary,Hungary,Hungary
EPI_ISL_430803,Argentina,Hungary,Argentina
EPI_ISL_460092,Italy,Italy,Italy
EPI_ISL_435420,Hungary,Hungary,Hungary
EPI_ISL_416426,Hungary,Hungary,Hungary
EPI_ISL_437973,Austria,Hungary,Spain
EPI_ISL_417623,Iceland,Iceland,Iceland
EPI_ISL_424393,Iceland,Iceland,Iceland
EPI_ISL_424576,Iceland,Iceland,Iceland
EPI_ISL_445183,Japan,Colombia,Japan
EPI_ISL_459975,Morocco,Morocco,Morocco
EPI_ISL_452670,Spain,Spain,Spain
EPI_ISL_435422,Hungary,Hungary,Hungary
EPI_ISL_444974,Spain,Spain,Spain
EPI_ISL_451181,Belgium,Hungary,Hungary
EPI_ISL_447523,Spain,Hungary,Spain
EPI_ISL_462998,Spain,Spain,Spain
EPI_ISL_447746,Colombia,Colombia,Colombia
EPI_ISL_452517,Spain,Argentina,Spain
EPI_ISL_416481,Georgia,Chile,Spain
EPI_ISL_451653,Poland,Hungary,Hungary
EPI_ISL_428908,Russia,Russia,Russia
EPI_ISL_435425,Hungary,Hungary,Hungary
EPI_ISL_445371,Chile,Spain,Chile
EPI_ISL_444989,Spain,Spain,Spain
EPI_ISL_463000,Spain,Spain,Spain
EPI_ISL_462999,Spain,Spain,Spain
EPI_ISL_435403,Hungary,Hungary,Hungary
EPI_ISL_452681,Spain,Hungary,Spain
EPI_ISL_452610,Spain,Spain,Spain
EPI_ISL_452612,Spain,Spain,Spain
EPI_ISL_430799,Argentina,Argentina,Argentina
EPI_ISL_427311,Russia,Russia,Russia
EPI_ISL_462995,Spain,Spain,Spain
EPI_ISL_462996,Spain,Spain,Spain
EPI_ISL_430804,Spain,Argentina,Argentina
EPI_ISL_430801,Brazil,Argentina,Argentina
EPI_ISL_448307,UnitedKingdom,UnitedKingdom,UnitedKingdom
EPI_ISL_447759,Colombia,Hungary,Colombia
EPI_ISL_430800,Argentina,Spain,Argentina
EPI_ISL_435424,Hungary,Hungary,Hungary
EPI_ISL_435423,Hungary,Hungary,Hungary
EPI_ISL_451400,Morocco,France,Morocco
EPI_ISL_445244,Bangladesh,Belgium,Bangladesh
EPI_ISL_412964,Italy,Italy,Brazil
EPI_ISL_460087,Italy,Italy,Italy
EPI_ISL_422688,Netherlands,Netherlands,Netherlands
EPI_ISL_435046,Kazakhstan,Kazakhstan,Kazakhstan
EPI_ISL_417921,Italy,Belgium,Italy
EPI_ISL_413591,Netherlands,Israel,Netherlands
EPI_ISL_422913,Netherlands,Netherlands,Netherlands
EPI_ISL_461321,Netherlands,Netherlands,Netherlands
EPI_ISL_455269,Netherlands,Netherlands,Netherlands
EPI_ISL_451306,Italy,Italy,Italy
EPI_ISL_412973,Italy,Italy,Italy
EPI_ISL_450288,Russia,Russia,Russia
EPI_ISL_435140,UnitedArabEmirates,Russia,UnitedArabEmirates
EPI_ISL_419562,Luxembourg,Luxembourg,Luxembourg
EPI_ISL_424342,Italy,Luxembourg,Luxembourg
EPI_ISL_418402,Finland,Luxembourg,Luxembourg
EPI_ISL_413593,Italy,Luxembourg,Luxembourg
EPI_ISL_417423,Italy,Italy,Italy
EPI_ISL_460085,Italy,Italy,Italy
EPI_ISL_417421,Italy,France,Italy
EPI_ISL_415154,Italy,Belgium,Belgium
EPI_ISL_418215,Senegal,Senegal,Senegal
EPI_ISL_418213,Senegal,Senegal,Senegal
EPI_ISL_418212,Senegal,Senegal,Senegal
EPI_ISL_418211,Senegal,Senegal,Senegal
EPI_ISL_418210,Senegal,Senegal,Senegal
EPI_ISL_438009,Italy,India,Austria
EPI_ISL_455861,Sweden,Sweden,Sweden
EPI_ISL_454875,Sweden,Sweden,Sweden
EPI_ISL_451707,Switzerland,Sweden,Sweden
EPI_ISL_422665,Netherlands,Netherlands,Netherlands
EPI_ISL_455444,Poland,Poland,Poland
EPI_ISL_457985,Oman,Oman,Oman
EPI_ISL_457972,Uruguay,Oman,Uruguay
EPI_ISL_455306,Netherlands,Netherlands,Netherlands
EPI_ISL_422952,Netherlands,Netherlands,Netherlands
EPI_ISL_422629,Netherlands,Netherlands,Netherlands
EPI_ISL_438056,Austria,Netherlands,Austria
EPI_ISL_456330,NewZealand,NewZealand,NewZealand
EPI_ISL_456331,NewZealand,NewZealand,NewZealand
EPI_ISL_455134,Netherlands,Netherlands,Netherlands
EPI_ISL_461177,Netherlands,Netherlands,Netherlands
EPI_ISL_461254,Netherlands,Netherlands,Netherlands
EPI_ISL_466885,Germany,Germany,Germany
EPI_ISL_456834,UnitedKingdom,Germany,Portugal
EPI_ISL_456295,NewZealand,Netherlands,NewZealand
EPI_ISL_417691,Italy,Poland,Iceland
EPI_ISL_415642,Georgia,Georgia,Oman
EPI_ISL_462457,BosniaandHerzegovina,BosniaandHerzegovina,BosniaandHerzegovina
EPI_ISL_462456,BosniaandHerzegovina,BosniaandHerzegovina,BosniaandHerzegovina
EPI_ISL_438084,Austria,Austria,Austria
EPI_ISL_462455,BosniaandHerzegovina,BosniaandHerzegovina,BosniaandHerzegovina
EPI_ISL_447038,India,India,India
EPI_ISL_463039,India,India,India
EPI_ISL_451198,Uganda,Uganda,Uganda
EPI_ISL_451201,Uganda,Uganda,Uganda
EPI_ISL_447547,India,India,India
EPI_ISL_455471,Romania,Romania,Romania
EPI_ISL_455476,Romania,Romania,Romania
EPI_ISL_437207,Germany,Chile,Germany
EPI_ISL_436726,Italy,Netherlands,Italy
EPI_ISL_420074,Senegal,Netherlands,Senegal
EPI_ISL_462467,BosniaandHerzegovina,BosniaandHerzegovina,BosniaandHerzegovina
EPI_ISL_462460,BosniaandHerzegovina,BosniaandHerzegovina,BosniaandHerzegovina
EPI_ISL_462452,BosniaandHerzegovina,BosniaandHerzegovina,BosniaandHerzegovina
EPI_ISL_462454,BosniaandHerzegovina,BosniaandHerzegovina,BosniaandHerzegovina
EPI_ISL_462453,BosniaandHerzegovina,BosniaandHerzegovina,BosniaandHerzegovina
EPI_ISL_437281,Germany,Germany,Germany
EPI_ISL_450530,Poland,Germany,Poland
EPI_ISL_451889,Switzerland,Germany,Switzerland
EPI_ISL_428854,Italy,Italy,Italy
EPI_ISL_429742,Luxembourg,Luxembourg,Luxembourg
EPI_ISL_428945,Luxembourg,Luxembourg,Luxembourg
EPI_ISL_428949,Luxembourg,Luxembourg,Luxembourg
EPI_ISL_459967,Morocco,BosniaandHerzegovina,Morocco
EPI_ISL_466902,Germany,Germany,Germany
EPI_ISL_455631,SouthAfrica,Germany,SouthAfrica
EPI_ISL_430071,Russia,Russia,Russia
EPI_ISL_451197,Uganda,Russia,Uganda
EPI_ISL_452104,Germany,Germany,Germany
EPI_ISL_435049,India,Germany,India
EPI_ISL_455679,India,India,India
EPI_ISL_458109,India,India,India
EPI_ISL_462469,BosniaandHerzegovina,BosniaandHerzegovina,BosniaandHerzegovina
EPI_ISL_462465,BosniaandHerzegovina,BosniaandHerzegovina,BosniaandHerzegovina
EPI_ISL_455068,Australia,BosniaandHerzegovina,Australia
EPI_ISL_426895,CzechRepublic,BosniaandHerzegovina,CzechRepublic
EPI_ISL_426893,CzechRepublic,India,CzechRepublic
EPI_ISL_436727,Italy,Italy,Italy
EPI_ISL_466903,Germany,Israel,Germany
EPI_ISL_437089,Latvia,Latvia,Latvia
EPI_ISL_458096,India,India,India
EPI_ISL_445242,Sweden,Russia,Sweden
EPI_ISL_452242,Sweden,Sweden,Sweden
EPI_ISL_450243,Russia,Russia,Sweden
EPI_ISL_455653,India,Italy,India
EPI_ISL_466920,Germany,Germany,Germany
EPI_ISL_466919,Germany,Germany,Germany
EPI_ISL_466925,Germany,Germany,Germany
EPI_ISL_466923,Germany,Germany,Germany
EPI_ISL_466921,Germany,Germany,Germany
EPI_ISL_466917,Germany,Germany,Germany
EPI_ISL_466916,Germany,Germany,Germany
EPI_ISL_466924,Germany,Germany,Germany
EPI_ISL_466922,Germany,Germany,Germany
EPI_ISL_462252,Belgium,Italy,Belgium
EPI_ISL_455636,SouthAfrica,SouthAfrica,SouthAfrica
EPI_ISL_455635,SouthAfrica,SouthAfrica,SouthAfrica
EPI_ISL_455633,SouthAfrica,SouthAfrica,SouthAfrica
EPI_ISL_421574,SouthAfrica,SouthAfrica,SouthAfrica
EPI_ISL_421575,SouthAfrica,SouthAfrica,SouthAfrica
EPI_ISL_429555,Denmark,Denmark,Denmark
EPI_ISL_452094,Denmark,Denmark,Denmark
EPI_ISL_452064,Denmark,Denmark,Denmark
EPI_ISL_452087,Denmark,Denmark,Denmark
EPI_ISL_452069,Denmark,Denmark,Denmark
EPI_ISL_458181,Belgium,Belgium,Belgium
EPI_ISL_420563,Italy,Italy,Italy
EPI_ISL_419871,Australia,Italy,Australia
EPI_ISL_466910,Germany,Germany,Germany
EPI_ISL_455965,Belgium,Belgium,Belgium
EPI_ISL_455966,Belgium,Belgium,Belgium
EPI_ISL_416142,Denmark,Italy,Denmark
EPI_ISL_444277,Taiwan,Belgium,Taiwan
EPI_ISL_455639,SouthAfrica,Belgium,SouthAfrica
EPI_ISL_418397,Finland,Russia,Finland
EPI_ISL_466615,UnitedKingdom,Belgium,Russia
EPI_ISL_415459,Switzerland,Switzerland,Switzerland
EPI_ISL_454754,Netherlands,Netherlands,Netherlands
EPI_ISL_435145,Italy,Italy,Italy
EPI_ISL_451871,Switzerland,Belgium,Switzerland
EPI_ISL_434626,France,Belgium,France
EPI_ISL_460080,Italy,Italy,Italy
EPI_ISL_420416,Belgium,Belgium,Belgium
EPI_ISL_455326,Spain,Spain,Spain
EPI_ISL_464214,UnitedKingdom,Spain,UnitedKingdom
EPI_ISL_424731,Mexico,Belgium,Mexico
EPI_ISL_445353,Chile,Belgium,Chile
EPI_ISL_453984,Portugal,Italy,Portugal
EPI_ISL_447620,USA,Belgium,Taiwan
EPI_ISL_428864,Russia,Russia,Russia
EPI_ISL_454565,India,Singapore,India
EPI_ISL_452222,Italy,Germany,Germany
EPI_ISL_452220,Italy,Germany,Germany
EPI_ISL_436725,Italy,Italy,Italy
EPI_ISL_436731,Italy,Italy,Italy
EPI_ISL_450831,Sweden,Greece,Sweden
EPI_ISL_434467,Greece,Greece,Sweden
EPI_ISL_415698,Switzerland,Switzerland,Switzerland
EPI_ISL_415699,Switzerland,Switzerland,Switzerland
EPI_ISL_414012,UnitedKingdom,UnitedKingdom,UnitedKingdom
EPI_ISL_420153,Norway,Norway,Norway
EPI_ISL_420310,Norway,Norway,Norway
EPI_ISL_453977,Portugal,Portugal,Portugal
EPI_ISL_429749,Luxembourg,Luxembourg,Luxembourg
EPI_ISL_434496,Luxembourg,Luxembourg,Luxembourg
EPI_ISL_429706,Luxembourg,Luxembourg,Luxembourg
EPI_ISL_462753,BosniaandHerzegovina,Portugal,BosniaandHerzegovina
EPI_ISL_451196,Uganda,Singapore,Uganda
EPI_ISL_429120,Sweden,Sweden,Sweden
EPI_ISL_458230,Belgium,Belgium,Sweden
EPI_ISL_454873,Sweden,Sweden,Sweden
EPI_ISL_451859,Switzerland,Sweden,Switzerland
EPI_ISL_461967,UnitedKingdom,UnitedKingdom,UnitedKingdom
EPI_ISL_454783,Netherlands,Netherlands,Netherlands
EPI_ISL_460766,Netherlands,Netherlands,Netherlands
EPI_ISL_455962,Belgium,Belgium,Belgium
EPI_ISL_455967,Belgium,Belgium,Belgium
EPI_ISL_455958,Belgium,Belgium,Belgium
EPI_ISL_451894,Switzerland,Switzerland,Switzerland
EPI_ISL_451915,Switzerland,Switzerland,Switzerland
EPI_ISL_438123,Austria,Austria,Austria
EPI_ISL_438122,Austria,Austria,Austria
EPI_ISL_435047,Kazakhstan,Belgium,Kazakhstan
EPI_ISL_421651,Taiwan,Belgium,Taiwan
EPI_ISL_421576,SouthAfrica,Belgium,Switzerland
EPI_ISL_432333,UnitedKingdom,Switzerland,UnitedKingdom
EPI_ISL_467002,Switzerland,Switzerland,Switzerland
EPI_ISL_440341,UnitedKingdom,UnitedKingdom,Poland
EPI_ISL_437093,Latvia,Latvia,Latvia
EPI_ISL_437092,Latvia,Latvia,Latvia
EPI_ISL_437091,Latvia,Latvia,Latvia
EPI_ISL_450338,Poland,Poland,Poland
EPI_ISL_450294,Poland,Poland,Poland
EPI_ISL_450295,Poland,Poland,Poland
EPI_ISL_438052,Austria,Austria,Austria
EPI_ISL_438053,Austria,Austria,Austria
EPI_ISL_419656,Italy,Austria,Austria
EPI_ISL_437994,Austria,Austria,Austria
EPI_ISL_437993,Austria,Austria,Austria
EPI_ISL_437995,Austria,Austria,Austria
EPI_ISL_438003,Austria,Austria,Austria
EPI_ISL_438025,Austria,Austria,Austria
EPI_ISL_413020,Switzerland,Morocco,Morocco
EPI_ISL_435124,UnitedArabEmirates,Morocco,UnitedKingdom
EPI_ISL_423653,UnitedKingdom,Switzerland,UnitedKingdom
EPI_ISL_459978,Morocco,Morocco,Morocco
EPI_ISL_459983,Morocco,Morocco,Morocco
EPI_ISL_459977,Morocco,Morocco,Morocco
EPI_ISL_426890,CzechRepublic,CzechRepublic,CzechRepublic
EPI_ISL_426883,CzechRepublic,CzechRepublic,CzechRepublic
EPI_ISL_424661,Belgium,Belgium,Belgium
EPI_ISL_461963,UnitedKingdom,Portugal,UnitedKingdom
EPI_ISL_454146,Portugal,Portugal,Portugal
EPI_ISL_428368,Turkey,Portugal,Turkey
EPI_ISL_413021,Switzerland,Germany,Switzerland
EPI_ISL_412912,Italy,Germany,Oman
EPI_ISL_445276,Chile,UnitedKingdom,Oman
EPI_ISL_445378,Chile,Germany,Chile
EPI_ISL_458120,Oman,Oman,Oman
EPI_ISL_457981,Oman,Oman,Oman
EPI_ISL_458122,Oman,Oman,Oman
EPI_ISL_458121,Oman,Oman,Oman
EPI_ISL_458117,Oman,Oman,Oman
EPI_ISL_458116,Oman,Oman,Oman
EPI_ISL_458118,Oman,Oman,Oman
EPI_ISL_457992,Oman,Oman,Oman
EPI_ISL_457705,Oman,Oman,Oman
EPI_ISL_458119,Oman,Oman,Oman
EPI_ISL_466875,Germany,Netherlands,Germany
EPI_ISL_454229,Portugal,Netherlands,Portugal
EPI_ISL_415483,Netherlands,Netherlands,Netherlands
EPI_ISL_424384,Iceland,Iceland,Iceland
EPI_ISL_417757,Iceland,Iceland,Iceland
EPI_ISL_454762,Netherlands,Netherlands,Netherlands
EPI_ISL_426891,CzechRepublic,Netherlands,Netherlands
EPI_ISL_428865,Russia,Italy,Russia
EPI_ISL_417817,Italy,Iceland,Iceland
EPI_ISL_414014,Brazil,Iceland,Brazil
EPI_ISL_416479,Georgia,Switzerland,Georgia
EPI_ISL_455455,Mexico,Austria,Mexico
EPI_ISL_438117,Austria,Austria,Austria
EPI_ISL_438126,Austria,Austria,Austria
EPI_ISL_438128,Austria,Austria,Austria
EPI_ISL_438127,Austria,Austria,Austria
EPI_ISL_460844,Netherlands,Netherlands,Netherlands
EPI_ISL_451705,Switzerland,Switzerland,Austria
EPI_ISL_458084,Italy,Netherlands,Italy
EPI_ISL_458085,Italy,Italy,Italy
EPI_ISL_461207,Netherlands,Netherlands,Netherlands
EPI_ISL_438060,Austria,Netherlands,Austria
EPI_ISL_461292,Netherlands,Netherlands,Netherlands
EPI_ISL_422576,Netherlands,Netherlands,Netherlands
EPI_ISL_437308,Turkey,Switzerland,Switzerland
EPI_ISL_415456,Switzerland,Switzerland,Switzerland
EPI_ISL_450518,Latvia,Latvia,Latvia
EPI_ISL_450524,Latvia,Latvia,Latvia
EPI_ISL_424535,Iceland,Switzerland,Switzerland
EPI_ISL_462271,Belgium,Belgium,Belgium
EPI_ISL_435406,Hungary,Hungary,Hungary
EPI_ISL_416744,Hungary,Hungary,Hungary
EPI_ISL_414022,Italy,Switzerland,Switzerland
EPI_ISL_414021,Switzerland,Switzerland,Switzerland
EPI_ISL_413024,Switzerland,Switzerland,Switzerland
EPI_ISL_415455,Switzerland,Switzerland,Switzerland
EPI_ISL_454733,Italy,Switzerland,Switzerland
EPI_ISL_418273,Switzerland,Switzerland,Switzerland
EPI_ISL_455473,Romania,Switzerland,Romania
EPI_ISL_458227,Belgium,Belgium,Belgium
EPI_ISL_458217,Belgium,Belgium,Belgium
EPI_ISL_451167,Belgium,Belgium,Belgium
EPI_ISL_429222,Switzerland,Switzerland,Switzerland
EPI_ISL_445220,Romania,Romania,Romania
EPI_ISL_455477,Romania,Romania,Romania
EPI_ISL_420399,Belgium,Belgium,Belgium
EPI_ISL_451691,Switzerland,Switzerland,Switzerland
EPI_ISL_455475,Romania,Romania,Romania
EPI_ISL_455474,Romania,Romania,Romania
EPI_ISL_455703,Vietnam,Vietnam,Vietnam
EPI_ISL_455705,Vietnam,Vietnam,Vietnam
EPI_ISL_455708,Vietnam,Vietnam,Vietnam
EPI_ISL_455718,Vietnam,Vietnam,Vietnam
EPI_ISL_429223,Switzerland,Switzerland,Switzerland
EPI_ISL_455711,Vietnam,Switzerland,Switzerland
EPI_ISL_435417,Hungary,Switzerland,Hungary
EPI_ISL_421946,UnitedKingdom,Switzerland,UnitedKingdom
EPI_ISL_460618,Turkey,Switzerland,Turkey
EPI_ISL_451884,Switzerland,Switzerland,Switzerland
EPI_ISL_460617,Turkey,Turkey,Turkey
EPI_ISL_460619,Turkey,Turkey,Turkey
EPI_ISL_429679,Brazil,Turkey,Brazil
EPI_ISL_454751,Netherlands,Netherlands,Netherlands
EPI_ISL_415700,Switzerland,Netherlands,Netherlands
EPI_ISL_454750,Netherlands,Netherlands,Netherlands
EPI_ISL_466906,Germany,Netherlands,Germany
EPI_ISL_426580,Brazil,Netherlands,Brazil
EPI_ISL_413574,Netherlands,Netherlands,Netherlands
EPI_ISL_416743,CzechRepublic,Netherlands,Netherlands
EPI_ISL_458139,Brazil,Brazil,Brazil
EPI_ISL_430793,Argentina,Brazil,Brazil
EPI_ISL_456083,Brazil,Brazil,Brazil
EPI_ISL_456090,Brazil,Brazil,Brazil
EPI_ISL_427303,Brazil,Brazil,Brazil
EPI_ISL_456103,Brazil,Brazil,Brazil
EPI_ISL_456091,Brazil,Brazil,Brazil
EPI_ISL_456086,Brazil,Brazil,Brazil
EPI_ISL_456075,Brazil,Brazil,Brazil
EPI_ISL_456076,Brazil,Brazil,Brazil
EPI_ISL_427298,Brazil,Brazil,Brazil
EPI_ISL_450873,Brazil,Brazil,Brazil
EPI_ISL_456079,Brazil,Brazil,Brazil
EPI_ISL_445352,Chile,Brazil,Chile
EPI_ISL_445370,Chile,Brazil,Chile
EPI_ISL_456081,Brazil,Brazil,Brazil
EPI_ISL_456095,Brazil,Brazil,Brazil
EPI_ISL_458138,Brazil,Brazil,Brazil
EPI_ISL_445349,Chile,Brazil,Chile
EPI_ISL_456092,Brazil,Brazil,Brazil
EPI_ISL_456101,Brazil,Brazil,Brazil
EPI_ISL_456087,Brazil,Brazil,Brazil
EPI_ISL_430815,Argentina,Argentina,Argentina
EPI_ISL_430814,Argentina,Argentina,Argentina
EPI_ISL_430817,Argentina,Argentina,Argentina
EPI_ISL_445373,Chile,Brazil,Chile
EPI_ISL_456082,Brazil,Brazil,Brazil
EPI_ISL_456096,Brazil,Brazil,Brazil
EPI_ISL_456102,Brazil,Brazil,Brazil
EPI_ISL_445369,Chile,Brazil,Chile
EPI_ISL_456077,Brazil,Brazil,Brazil
EPI_ISL_427297,Brazil,Brazil,Brazil
EPI_ISL_456100,Brazil,Brazil,Brazil
EPI_ISL_457953,Uruguay,Brazil,Brazil
EPI_ISL_437268,Germany,Germany,Russia
EPI_ISL_428887,Russia,Russia,Russia
EPI_ISL_428889,Russia,Russia,Russia
EPI_ISL_451186,Uganda,Uganda,Uganda
EPI_ISL_451189,Uganda,Uganda,Uganda
EPI_ISL_461720,UnitedKingdom,Uganda,Uganda
EPI_ISL_451190,Uganda,Uganda,Uganda
EPI_ISL_451192,Uganda,Uganda,Uganda
EPI_ISL_418389,Finland,Belgium,DemocraticRepublicoftheCongo
EPI_ISL_451647,Poland,Poland,Poland
EPI_ISL_451654,Poland,Poland,Poland
EPI_ISL_450746,Poland,Poland,Poland
EPI_ISL_421275,Russia,Argentina,Russia
EPI_ISL_430809,Argentina,Argentina,Argentina
EPI_ISL_430808,Argentina,Argentina,Argentina
EPI_ISL_457963,Uruguay,Argentina,Argentina
EPI_ISL_436686,SouthAfrica,Russia,SouthAfrica
EPI_ISL_428910,Russia,Russia,Russia
EPI_ISL_437939,Austria,Belgium,DemocraticRepublicoftheCongo
EPI_ISL_430811,UnitedKingdom,Argentina,Argentina
EPI_ISL_430812,Argentina,Argentina,Argentina
EPI_ISL_455961,Belgium,Belgium,Belgium
EPI_ISL_431012,DemocraticRepublicoftheCongo,Belgium,DemocraticRepublicoftheCongo
EPI_ISL_445350,Chile,Chile,Chile
EPI_ISL_445374,Chile,Chile,Chile
EPI_ISL_445375,Chile,Chile,Chile
EPI_ISL_451650,Poland,Poland,Poland
EPI_ISL_451649,Poland,Poland,Poland
EPI_ISL_456754,UnitedKingdom,Belgium,Poland
EPI_ISL_451644,Poland,Belgium,Poland
EPI_ISL_462273,Belgium,Belgium,Belgium
EPI_ISL_462274,Belgium,Belgium,Belgium
EPI_ISL_451645,Poland,Belgium,Poland
EPI_ISL_420393,Belgium,Belgium,Belgium
EPI_ISL_462272,Belgium,Belgium,Belgium
EPI_ISL_451648,Poland,Poland,Poland
EPI_ISL_420849,DemocraticRepublicoftheCongo,Poland,DemocraticRepublicoftheCongo
EPI_ISL_451968,Russia,Hungary,Russia
EPI_ISL_445251,Chile,Hungary,Switzerland
EPI_ISL_435313,Vietnam,Switzerland,Switzerland
EPI_ISL_413023,Italy,Switzerland,Switzerland
EPI_ISL_430818,Argentina,Switzerland,Switzerland
EPI_ISL_459980,Morocco,Morocco,Morocco
EPI_ISL_458150,Morocco,Morocco,Morocco
EPI_ISL_435409,Hungary,Hungary,Hungary
EPI_ISL_457505,UnitedKingdom,UnitedKingdom,UnitedKingdom
EPI_ISL_454524,India,India,India
EPI_ISL_458056,India,India,India
EPI_ISL_430001,Jordan,Israel,Jordan
EPI_ISL_464007,Canada,Netherlands,Japan
EPI_ISL_460834,Netherlands,Netherlands,Netherlands
EPI_ISL_460841,Netherlands,Netherlands,Netherlands
EPI_ISL_460923,Netherlands,Netherlands,Netherlands
EPI_ISL_438965,Japan,Japan,Japan
EPI_ISL_435411,Hungary,Japan,Hungary
EPI_ISL_435132,UnitedArabEmirates,UnitedKingdom,UnitedArabEmirates
EPI_ISL_466891,Germany,Germany,Germany
EPI_ISL_466901,Germany,Germany,Germany
EPI_ISL_438969,Japan,Japan,Japan
EPI_ISL_438951,Japan,Japan,Japan
EPI_ISL_438953,Japan,Japan,Japan
EPI_ISL_438947,Japan,Japan,Japan
EPI_ISL_438948,Japan,Japan,Japan
EPI_ISL_438958,Japan,Japan,Japan
EPI_ISL_438952,Japan,Japan,Japan
EPI_ISL_438959,Japan,Japan,Japan
EPI_ISL_438949,Japan,Japan,Japan
EPI_ISL_438955,Japan,Japan,Japan
EPI_ISL_437601,Japan,Japan,Japan
EPI_ISL_438967,Japan,Japan,Japan
EPI_ISL_447443,Israel,Israel,Israel
EPI_ISL_438971,Japan,Japan,Japan
EPI_ISL_435419,Hungary,Japan,Japan
EPI_ISL_467012,Switzerland,Japan,Switzerland
EPI_ISL_438956,Japan,Japan,Japan
EPI_ISL_438970,Japan,Japan,Japan
EPI_ISL_451885,Switzerland,Japan,Switzerland
EPI_ISL_416036,Italy,Spain,Brazil
EPI_ISL_458140,Brazil,Brazil,Brazil
EPI_ISL_458147,Brazil,Brazil,Brazil
EPI_ISL_458141,Brazil,Brazil,Brazil
EPI_ISL_460081,Italy,Italy,Italy
EPI_ISL_437932,Austria,Bangladesh,Austria
EPI_ISL_460089,Italy,Italy,Italy
EPI_ISL_419689,Spain,Spain,Spain
EPI_ISL_428895,Russia,Russia,Russia
EPI_ISL_427308,Russia,Russia,Russia
EPI_ISL_456238,NewZealand,Vietnam,NewZealand
EPI_ISL_426772,Australia,Australia,Australia
EPI_ISL_412972,Italy,Italy,Mexico
EPI_ISL_417922,Italy,Colombia,Italy
EPI_ISL_451663,Poland,Poland,Poland
EPI_ISL_462480,Poland,Spain,Poland
EPI_ISL_437094,Latvia,Latvia,Latvia
EPI_ISL_450522,Latvia,Latvia,Latvia
EPI_ISL_450521,Latvia,Latvia,Latvia
EPI_ISL_450520,Latvia,Latvia,Latvia
EPI_ISL_427301,Brazil,Portugal,Brazil
EPI_ISL_455701,Vietnam,Vietnam,Vietnam
EPI_ISL_429235,Italy,Italy,Italy
EPI_ISL_430797,Mexico,Argentina,Argentina
EPI_ISL_430805,Argentina,Argentina,Argentina
EPI_ISL_415129,UnitedKingdom,UnitedKingdom,UnitedKingdom
EPI_ISL_413022,Italy,Switzerland,Switzerland
EPI_ISL_451986,Poland,Poland,Poland
EPI_ISL_455443,Poland,Poland,Poland
EPI_ISL_451980,Poland,Poland,Poland
EPI_ISL_451971,Poland,Poland,Poland
EPI_ISL_451982,Poland,Poland,Poland
EPI_ISL_451975,Poland,Poland,Poland
EPI_ISL_429993,Jordan,Portugal,Jordan
EPI_ISL_450248,Russia,Russia,Russia
EPI_ISL_450250,Russia,Russia,Russia
EPI_ISL_457702,Oman,UnitedKingdom,Oman
EPI_ISL_455707,Vietnam,Vietnam,Vietnam
EPI_ISL_459962,Germany,Bangladesh,Germany
EPI_ISL_451541,Australia,Australia,Bangladesh
EPI_ISL_455106,Sweden,Sweden,Sweden
EPI_ISL_436729,Italy,Italy,Italy
EPI_ISL_434954,USA,Russia,USA
EPI_ISL_466693,Bangladesh,Belgium,Bangladesh
EPI_ISL_426359,CzechRepublic,Jordan,CzechRepublic
EPI_ISL_418257,Italy,Japan,Italy
EPI_ISL_445317,Chile,Chile,Chile
EPI_ISL_419304,Egypt,Japan,Japan
EPI_ISL_454064,Portugal,Portugal,Portugal
EPI_ISL_429994,Jordan,Jordan,Jordan
EPI_ISL_429999,Jordan,Poland,Jordan
EPI_ISL_422416,Spain,Taiwan,Taiwan
EPI_ISL_430004,Jordan,Jordan,Jordan
EPI_ISL_429169,Thailand,Poland,Thailand
EPI_ISL_462096,Bangladesh,Bangladesh,Bangladesh
EPI_ISL_445214,Bangladesh,Belgium,Bangladesh
EPI_ISL_447904,Bangladesh,Bangladesh,Bangladesh
EPI_ISL_466687,Bangladesh,Bangladesh,Bangladesh
EPI_ISL_466694,Bangladesh,Bangladesh,Bangladesh
EPI_ISL_462095,Bangladesh,Bangladesh,Bangladesh
EPI_ISL_464161,Bangladesh,Bangladesh,Bangladesh
EPI_ISL_456619,Australia,Australia,Australia
EPI_ISL_456617,Australia,Australia,Australia
EPI_ISL_462094,Bangladesh,Bangladesh,Bangladesh
EPI_ISL_466626,Bangladesh,Bangladesh,Bangladesh
EPI_ISL_466628,Bangladesh,Bangladesh,Bangladesh
EPI_ISL_464165,Bangladesh,Bangladesh,Bangladesh
EPI_ISL_465164,Bangladesh,Bangladesh,Bangladesh
EPI_ISL_466636,Bangladesh,Bangladesh,Bangladesh
EPI_ISL_455459,Bangladesh,Bangladesh,Bangladesh
EPI_ISL_464164,Bangladesh,Bangladesh,Bangladesh
EPI_ISL_437912,Bangladesh,Bangladesh,Bangladesh
EPI_ISL_466645,Bangladesh,Bangladesh,Bangladesh
EPI_ISL_462091,Bangladesh,Bangladesh,Bangladesh
EPI_ISL_466650,Bangladesh,Bangladesh,Bangladesh
EPI_ISL_466649,Bangladesh,Bangladesh,Bangladesh
EPI_ISL_466644,Bangladesh,Bangladesh,Bangladesh
EPI_ISL_462092,Bangladesh,Bangladesh,Bangladesh
EPI_ISL_466691,Bangladesh,Bangladesh,Bangladesh
EPI_ISL_466689,Bangladesh,Bangladesh,Bangladesh
EPI_ISL_466690,Bangladesh,Bangladesh,Bangladesh
EPI_ISL_437902,Greece,Japan,Greece
EPI_ISL_419311,Japan,Japan,Japan
EPI_ISL_462464,BosniaandHerzegovina,Sweden,Russia
EPI_ISL_435310,Vietnam,Russia,Vietnam
EPI_ISL_461230,Netherlands,Netherlands,Netherlands
EPI_ISL_429723,Luxembourg,Spain,Luxembourg
EPI_ISL_447804,Colombia,Colombia,Colombia
EPI_ISL_435148,Italy,Italy,Italy
EPI_ISL_435151,Italy,Italy,Italy
EPI_ISL_435152,Italy,Italy,Italy
EPI_ISL_435150,Italy,Italy,Italy
EPI_ISL_442049,UnitedKingdom,UnitedKingdom,UnitedKingdom
EPI_ISL_455697,Vietnam,Vietnam,Vietnam
EPI_ISL_454472,Sweden,Argentina,Sweden
EPI_ISL_466627,Bangladesh,Latvia,Bangladesh
EPI_ISL_419875,Australia,Belgium,Chile
EPI_ISL_425229,CzechRepublic,Belgium,CzechRepublic
EPI_ISL_426889,CzechRepublic,CzechRepublic,CzechRepublic
EPI_ISL_437096,Latvia,Germany,Latvia
EPI_ISL_437262,Germany,Germany,Germany
EPI_ISL_424485,Iceland,Iceland,Iceland
EPI_ISL_452043,Denmark,UnitedKingdom,CzechRepublic
EPI_ISL_426894,CzechRepublic,CzechRepublic,CzechRepublic
EPI_ISL_426896,CzechRepublic,CzechRepublic,CzechRepublic
EPI_ISL_426897,CzechRepublic,CzechRepublic,CzechRepublic
EPI_ISL_452139,Italy,UnitedKingdom,Mexico
EPI_ISL_454753,Netherlands,UnitedKingdom,Netherlands
EPI_ISL_462390,Singapore,Singapore,Singapore
EPI_ISL_421477,Portugal,Portugal,Portugal
EPI_ISL_435143,UnitedArabEmirates,Iceland,UnitedArabEmirates
EPI_ISL_459966,Morocco,UnitedKingdom,Morocco
EPI_ISL_448068,UnitedKingdom,UnitedKingdom,UnitedKingdom
EPI_ISL_437898,Greece,Greece,Greece
EPI_ISL_426287,Latvia,Latvia,Latvia
EPI_ISL_426286,Latvia,Greece,Latvia
EPI_ISL_454130,Portugal,Portugal,Portugal
EPI_ISL_459965,Morocco,Vietnam,Morocco
EPI_ISL_416430,Vietnam,Vietnam,Vietnam
EPI_ISL_416431,Vietnam,Belgium,Vietnam
EPI_ISL_447748,Colombia,Poland,Colombia
EPI_ISL_454342,Portugal,Colombia,Portugal
EPI_ISL_424974,Taiwan,Taiwan,Taiwan
EPI_ISL_435312,Vietnam,Vietnam,Vietnam
EPI_ISL_447646,Greece,Greece,Greece
EPI_ISL_447647,Greece,Greece,Greece
EPI_ISL_460604,Russia,Russia,Russia
EPI_ISL_453854,Portugal,Portugal,Portugal
EPI_ISL_466688,Bangladesh,Belgium,Bangladesh
EPI_ISL_419303,Egypt,Switzerland,Japan
EPI_ISL_419309,Egypt,Japan,Japan
EPI_ISL_438966,Japan,Japan,Japan
EPI_ISL_437952,Austria,Oman,Austria
EPI_ISL_455109,Sweden,Belgium,Sweden
EPI_ISL_430007,Jordan,Belgium,Italy
EPI_ISL_452189,Italy,Italy,Italy
EPI_ISL_455963,Belgium,Netherlands,Italy
EPI_ISL_450265,Russia,Russia,Russia
EPI_ISL_427333,Russia,Russia,Russia
EPI_ISL_427815,Russia,Russia,Russia
EPI_ISL_430079,Russia,Russia,Russia
EPI_ISL_450286,Russia,Russia,Russia
EPI_ISL_427325,Russia,Russia,Russia
EPI_ISL_430076,Russia,Russia,Russia
EPI_ISL_455470,Romania,Sweden,Sweden
EPI_ISL_453860,Portugal,Portugal,Portugal
EPI_ISL_435155,Italy,Italy,Italy
EPI_ISL_455110,Sweden,Sweden,Sweden
EPI_ISL_427111,Australia,Vietnam,Australia
EPI_ISL_447796,Colombia,Portugal,Colombia
EPI_ISL_448458,UnitedKingdom,UnitedKingdom,UnitedKingdom
EPI_ISL_454182,Portugal,Portugal,Portugal
EPI_ISL_454190,Portugal,Portugal,Portugal
EPI_ISL_454193,Portugal,Portugal,Portugal
EPI_ISL_454304,Portugal,Portugal,Portugal
EPI_ISL_420912,Germany,Germany,Germany
EPI_ISL_434465,Greece,Greece,Greece
EPI_ISL_455702,Vietnam,Vietnam,Vietnam
EPI_ISL_426892,CzechRepublic,Italy,CzechRepublic
EPI_ISL_437311,Turkey,SaudiArabia,Turkey
EPI_ISL_428914,Russia,Russia,Russia
EPI_ISL_437090,Latvia,HongKong,Latvia
EPI_ISL_457703,Oman,Oman,Oman
EPI_ISL_427338,Russia,Greece,Russia
EPI_ISL_429232,Italy,Germany,Italy
EPI_ISL_437305,Turkey,Sweden,Turkey
EPI_ISL_437333,Turkey,Turkey,Turkey
EPI_ISL_419308,Japan,Japan,Japan
EPI_ISL_419306,Japan,Japan,Japan
EPI_ISL_422432,Singapore,Singapore,Singapore
EPI_ISL_445377,Chile,Australia,Chile
EPI_ISL_430535,Australia,Australia,Australia
EPI_ISL_417260,UnitedKingdom,Vietnam,UnitedKingdom
EPI_ISL_435303,Vietnam,Vietnam,Vietnam
EPI_ISL_420600,Argentina,Argentina,Argentina
EPI_ISL_419310,Japan,Portugal,Japan
EPI_ISL_447638,Greece,Greece,Greece
EPI_ISL_436413,India,Belgium,India
EPI_ISL_455710,Vietnam,Vietnam,Vietnam
EPI_ISL_455712,Vietnam,Vietnam,Vietnam
EPI_ISL_429233,Italy,Vietnam,Italy
EPI_ISL_437239,Germany,Germany,Germany
EPI_ISL_466909,Germany,Germany,Germany
EPI_ISL_455632,SouthAfrica,Poland,SouthAfrica
EPI_ISL_450291,Russia,Russia,Russia
EPI_ISL_430602,Australia,Vietnam,Australia
EPI_ISL_435154,Italy,Russia,Italy
EPI_ISL_450273,Russia,Russia,Russia
EPI_ISL_435125,UnitedArabEmirates,Poland,Sweden
EPI_ISL_450404,HongKong,HongKong,HongKong
EPI_ISL_454041,Portugal,Portugal,Portugal
EPI_ISL_430003,Jordan,Portugal,Jordan
EPI_ISL_467009,Switzerland,Switzerland,Switzerland
EPI_ISL_464162,Bangladesh,Bangladesh,Bangladesh
EPI_ISL_455111,Sweden,Sweden,Sweden
EPI_ISL_458784,UnitedKingdom,UnitedKingdom,UnitedKingdom
EPI_ISL_421448,Portugal,Portugal,Portugal
EPI_ISL_433833,UnitedKingdom,UnitedKingdom,UnitedKingdom
EPI_ISL_445238,Sweden,Sweden,Sweden
EPI_ISL_445234,Sweden,Sweden,Sweden
EPI_ISL_435427,Hungary,Poland,Hungary
EPI_ISL_422437,Italy,Italy,Italy
EPI_ISL_464160,Bangladesh,Bangladesh,Bangladesh
EPI_ISL_430074,Russia,Russia,Russia
EPI_ISL_450262,Russia,Russia,Russia
EPI_ISL_450289,Russia,Russia,Russia
EPI_ISL_436684,SouthAfrica,Singapore,SouthAfrica
EPI_ISL_435149,Italy,Italy,Italy
EPI_ISL_450283,Russia,Russia,Russia
EPI_ISL_450280,Russia,Russia,Russia
EPI_ISL_459973,Morocco,Vietnam,Morocco
EPI_ISL_427784,Australia,UnitedKingdom,Australia
EPI_ISL_419301,Egypt,Japan,Japan
EPI_ISL_419302,Egypt,Japan,Japan
EPI_ISL_447649,Greece,Italy,Greece
EPI_ISL_447651,Greece,Japan,Greece
EPI_ISL_430807,France,Argentina,Argentina
EPI_ISL_426356,CzechRepublic,Portugal,CzechRepublic
EPI_ISL_451652,Poland,Poland,Poland
EPI_ISL_450828,Sweden,Sweden,Sweden
EPI_ISL_455699,Vietnam,Vietnam,Vietnam
EPI_ISL_430802,Argentina,Australia,Argentina
EPI_ISL_455979,Belgium,Sweden,Belgium
EPI_ISL_450833,Sweden,Sweden,Sweden
EPI_ISL_431117,UnitedKingdom,India,India
EPI_ISL_436720,Italy,Italy,Italy
EPI_ISL_443223,Singapore,Portugal,Singapore
EPI_ISL_453958,Portugal,Portugal,Portugal
EPI_ISL_451657,Poland,Poland,Poland
EPI_ISL_451661,Poland,Poland,Poland
EPI_ISL_450257,Russia,Vietnam,Russia
EPI_ISL_447461,Israel,Portugal,Israel
EPI_ISL_430012,Jordan,Vietnam,Jordan
EPI_ISL_430009,Jordan,Jordan,Jordan
EPI_ISL_434572,CzechRepublic,CzechRepublic,CzechRepublic
EPI_ISL_456402,NewZealand,Chile,NewZealand
EPI_ISL_466877,Germany,Poland,Germany
EPI_ISL_454218,Portugal,Portugal,Portugal
EPI_ISL_457979,Oman,Vietnam,Oman
EPI_ISL_455442,Poland,Poland,Russia
EPI_ISL_426360,CzechRepublic,Spain,CzechRepublic
EPI_ISL_426357,CzechRepublic,Italy,CzechRepublic
EPI_ISL_419305,Japan,Greece,Japan
EPI_ISL_435070,India,India,UnitedKingdom
EPI_ISL_425125,Germany,Germany,Germany
EPI_ISL_458034,India,Japan,India
EPI_ISL_463649,USA,USA,USA
EPI_ISL_463648,USA,USA,USA
EPI_ISL_463127,USA,Switzerland,USA
EPI_ISL_447802,Colombia,Colombia,Colombia
EPI_ISL_459984,Morocco,Jordan,Morocco
EPI_ISL_454221,Portugal,Portugal,Portugal
EPI_ISL_451658,Poland,Poland,Poland
EPI_ISL_450829,Sweden,CzechRepublic,Sweden
EPI_ISL_451660,Poland,Poland,Poland
EPI_ISL_451659,Poland,Poland,Poland
EPI_ISL_451655,Poland,Poland,Poland
EPI_ISL_451656,Poland,Poland,Poland
EPI_ISL_451664,Poland,Poland,Poland
EPI_ISL_451662,Poland,Poland,Poland
EPI_ISL_437497,SaudiArabia,SaudiArabia,SaudiArabia
EPI_ISL_447519,Spain,Spain,Spain
EPI_ISL_437755,SaudiArabia,Russia,SaudiArabia
EPI_ISL_455709,Vietnam,Vietnam,Vietnam
EPI_ISL_420144,Georgia,Italy,Georgia

Nextstrain: 1419 out of 2123 and Ratio: 66.83937823834196
TNet: 1802 out of 2123 and Ratio: 84.8798869524258
