edges/dates,2019-12,2020-01,2020-02,2020-03,2020-04,2020-05,2020-06
China->USA,900, 600, 0, 0, 0, 0, 0
China->Singapore,600, 600, 0, 0, 0, 0, 0
China->Australia,200, 700, 100, 0, 0, 0, 0
China->Taiwan,400, 400, 0, 100, 0, 0, 0
China->Thailand,600, 200, 0, 0, 0, 0, 0
China->UnitedArabEmirates,300, 300, 100, 100, 0, 0, 0
China->HongKong,500, 300, 0, 0, 0, 0, 0
Italy->Germany,0, 0, 800, 0, 0, 0, 0
France->Luxembourg,0, 91, 391, 191, 0, 0, 0
China->Germany,500, 100, 0, 0, 0, 0, 0
Russia->CzechRepublic,0, 0, 500, 100, 0, 0, 0
France->Germany,0, 191, 291, 100, 0, 0, 0
Italy->UnitedKingdom,0, 0, 344, 200, 0, 0, 0
Spain->Argentina,400, 100, 0, 0, 0, 0, 0
China->Oman,300, 200, 0, 0, 0, 0, 0
China->SouthKorea,200, 300, 0, 0, 0, 0, 0
China->Malaysia,0, 400, 100, 0, 0, 0, 0
Russia->Vietnam,0, 0, 500, 0, 0, 0, 0
Russia->Italy,0, 0, 300, 200, 0, 0, 0
Italy->Belgium,0, 0, 400, 100, 0, 0, 0
Sweden->Russia,0, 0, 200, 300, 0, 0, 0
USA->Canada,0, 0, 100, 400, 0, 0, 0
Italy->Netherlands,0, 0, 400, 100, 0, 0, 0
France->Australia,0, 0, 300, 182, 0, 0, 0
France->Norway,0, 0, 273, 182, 0, 0, 0
Italy->Austria,44, 0, 300, 100, 0, 0, 0
Spain->Switzerland,400, 0, 0, 0, 0, 0, 0
China->Netherlands,400, 0, 0, 0, 0, 0, 0
Thailand->China,200, 200, 0, 0, 0, 0, 0
China->UnitedKingdom,100, 100, 100, 100, 0, 0, 0
China->Spain,0, 300, 100, 0, 0, 0, 0
USA->Australia,0, 100, 100, 200, 0, 0, 0
Norway->UnitedKingdom,0, 200, 200, 0, 0, 0, 0
Russia->UnitedKingdom,0, 0, 400, 0, 0, 0, 0
Sweden->Bangladesh,0, 0, 400, 0, 0, 0, 0
Switzerland->Turkey,0, 0, 400, 0, 0, 0, 0
India->Australia,0, 0, 400, 0, 0, 0, 0
Singapore->India,0, 0, 400, 0, 0, 0, 0
Sweden->UnitedArabEmirates,0, 0, 400, 0, 0, 0, 0
France->Israel,0, 0, 400, 0, 0, 0, 0
Netherlands->Jordan,0, 0, 400, 0, 0, 0, 0
Belgium->Hungary,0, 0, 200, 200, 0, 0, 0
France->Senegal,0, 0, 300, 100, 0, 0, 0
Poland->Belgium,0, 0, 0, 400, 0, 0, 0
Italy->Switzerland,0, 0, 288, 100, 0, 0, 0
France->Sweden,0, 0, 282, 100, 0, 0, 0
France->Finland,0, 0, 291, 91, 0, 0, 0
France->USA,0, 0, 382, 0, 0, 0, 0
France->Canada,0, 0, 291, 91, 0, 0, 0
Italy->India,0, 0, 344, 0, 0, 0, 0
Italy->Australia,0, 0, 344, 0, 0, 0, 0
Italy->Luxembourg,0, 0, 344, 0, 0, 0, 0
Switzerland->Morocco,0, 0, 312, 0, 0, 0, 0
Spain->UnitedKingdom,300, 0, 0, 0, 0, 0, 0
Spain->Mexico,300, 0, 0, 0, 0, 0, 0
Spain->Italy,300, 0, 0, 0, 0, 0, 0
Spain->Hungary,300, 0, 0, 0, 0, 0, 0
Singapore->Taiwan,100, 100, 100, 0, 0, 0, 0
China->Japan,100, 200, 0, 0, 0, 0, 0
China->Chile,0, 200, 100, 0, 0, 0, 0
Australia->Georgia,0, 300, 0, 0, 0, 0, 0
Japan->Italy,0, 300, 0, 0, 0, 0, 0
USA->Vietnam,0, 100, 0, 200, 0, 0, 0
Australia->China,0, 300, 0, 0, 0, 0, 0
Singapore->Malaysia,0, 100, 200, 0, 0, 0, 0
Russia->Taiwan,0, 0, 300, 0, 0, 0, 0
Russia->Poland,0, 0, 300, 0, 0, 0, 0
Sweden->Germany,0, 0, 200, 100, 0, 0, 0
Russia->Portugal,0, 0, 300, 0, 0, 0, 0
India->Singapore,0, 0, 200, 100, 0, 0, 0
Italy->Greece,0, 0, 300, 0, 0, 0, 0
UnitedKingdom->Greece,0, 0, 300, 0, 0, 0, 0
SaudiArabia->Austria,0, 0, 300, 0, 0, 0, 0
India->USA,0, 0, 200, 100, 0, 0, 0
Sweden->Switzerland,0, 0, 100, 200, 0, 0, 0
Sweden->USA,0, 0, 300, 0, 0, 0, 0
USA->France,0, 0, 100, 200, 0, 0, 0
France->Chile,0, 0, 300, 0, 0, 0, 0
Austria->Switzerland,0, 0, 200, 100, 0, 0, 0
DemocraticRepublicoftheCongo->France,0, 0, 200, 100, 0, 0, 0
SaudiArabia->Turkey,0, 0, 200, 100, 0, 0, 0
Japan->Hungary,0, 0, 300, 0, 0, 0, 0
Russia->Austria,0, 0, 300, 0, 0, 0, 0
Denmark->Israel,0, 0, 0, 300, 0, 0, 0
Denmark->NewZealand,0, 0, 0, 300, 0, 0, 0
France->Colombia,0, 0, 291, 0, 0, 0, 0
France->Taiwan,0, 0, 291, 0, 0, 0, 0
France->Denmark,0, 0, 282, 0, 0, 0, 0
France->Switzerland,0, 91, 91, 91, 0, 0, 0
France->Turkey,0, 0, 182, 91, 0, 0, 0
Switzerland->Russia,0, 0, 156, 100, 0, 0, 0
Norway->France,0, 100, 36, 100, 0, 0, 0
Switzerland->Luxembourg,0, 4, 216, 0, 0, 0, 0
Switzerland->Italy,0, 0, 212, 0, 0, 0, 0
Norway->Oman,0, 0, 200, 9, 0, 0, 0
Norway->Austria,0, 0, 100, 109, 0, 0, 0
Norway->Australia,0, 0, 200, 9, 0, 0, 0
Norway->USA,0, 0, 9, 200, 0, 0, 0
Luxembourg->DemocraticRepublicoftheCongo,0, 0, 200, 5, 0, 0, 0
Spain->USA,100, 100, 0, 0, 0, 0, 0
Spain->Austria,200, 0, 0, 0, 0, 0, 0
Spain->Chile,200, 0, 0, 0, 0, 0, 0
Spain->Iceland,200, 0, 0, 0, 0, 0, 0
Spain->Georgia,100, 0, 100, 0, 0, 0, 0
Hungary->Chile,100, 0, 100, 0, 0, 0, 0
Germany->China,200, 0, 0, 0, 0, 0, 0
Singapore->Canada,100, 100, 0, 0, 0, 0, 0
China->Luxembourg,100, 0, 100, 0, 0, 0, 0
China->Poland,100, 0, 0, 100, 0, 0, 0
China->Latvia,200, 0, 0, 0, 0, 0, 0
China->Vietnam,100, 100, 0, 0, 0, 0, 0
China->Sweden,200, 0, 0, 0, 0, 0, 0
China->France,200, 0, 0, 0, 0, 0, 0
China->Senegal,100, 100, 0, 0, 0, 0, 0
China->NewZealand,100, 0, 0, 100, 0, 0, 0
Germany->Australia,100, 100, 0, 0, 0, 0, 0
Singapore->Thailand,100, 0, 100, 0, 0, 0, 0
Thailand->Malaysia,100, 100, 0, 0, 0, 0, 0
China->Greece,100, 100, 0, 0, 0, 0, 0
China->Iceland,100, 0, 0, 100, 0, 0, 0
Australia->HongKong,100, 100, 0, 0, 0, 0, 0
Malaysia->Singapore,100, 0, 0, 100, 0, 0, 0
China->Jordan,0, 200, 0, 0, 0, 0, 0
USA->Mexico,0, 100, 100, 0, 0, 0, 0
HongKong->Japan,0, 200, 0, 0, 0, 0, 0
Japan->Israel,0, 100, 100, 0, 0, 0, 0
Singapore->USA,0, 100, 100, 0, 0, 0, 0
Taiwan->India,0, 100, 100, 0, 0, 0, 0
Thailand->Japan,0, 200, 0, 0, 0, 0, 0
Singapore->Turkey,0, 100, 0, 100, 0, 0, 0
Norway->Singapore,0, 200, 0, 0, 0, 0, 0
China->SaudiArabia,0, 100, 0, 100, 0, 0, 0
Thailand->Australia,0, 200, 0, 0, 0, 0, 0
Thailand->HongKong,0, 200, 0, 0, 0, 0, 0
Taiwan->Sweden,0, 100, 100, 0, 0, 0, 0
SouthKorea->China,0, 200, 0, 0, 0, 0, 0
Russia->Sweden,0, 0, 100, 100, 0, 0, 0
Sweden->Latvia,0, 0, 200, 0, 0, 0, 0
Russia->Australia,0, 0, 200, 0, 0, 0, 0
Russia->UnitedArabEmirates,0, 0, 100, 100, 0, 0, 0
Russia->SouthAfrica,0, 0, 100, 100, 0, 0, 0
Russia->Argentina,0, 0, 100, 100, 0, 0, 0
Russia->Chile,0, 0, 200, 0, 0, 0, 0
Italy->Iceland,0, 0, 200, 0, 0, 0, 0
Italy->Mexico,0, 0, 100, 100, 0, 0, 0
Greece->Germany,0, 0, 200, 0, 0, 0, 0
Greece->Portugal,0, 0, 200, 0, 0, 0, 0
France->Netherlands,0, 0, 100, 100, 0, 0, 0
SaudiArabia->USA,0, 0, 200, 0, 0, 0, 0
Chile->Oman,0, 0, 100, 100, 0, 0, 0
Taiwan->UnitedKingdom,0, 0, 200, 0, 0, 0, 0
UnitedKingdom->Nigeria,0, 0, 200, 0, 0, 0, 0
UnitedKingdom->Singapore,0, 0, 100, 100, 0, 0, 0
SaudiArabia->Bangladesh,0, 0, 200, 0, 0, 0, 0
Germany->Switzerland,0, 0, 200, 0, 0, 0, 0
Germany->Poland,0, 0, 200, 0, 0, 0, 0
Italy->Uganda,0, 0, 200, 0, 0, 0, 0
Italy->CzechRepublic,0, 0, 200, 0, 0, 0, 0
Italy->Denmark,0, 0, 200, 0, 0, 0, 0
Italy->Israel,0, 0, 200, 0, 0, 0, 0
Israel->Portugal,0, 0, 100, 100, 0, 0, 0
India->Japan,0, 0, 200, 0, 0, 0, 0
India->Morocco,0, 0, 100, 100, 0, 0, 0
Brazil->Netherlands,0, 0, 200, 0, 0, 0, 0
SaudiArabia->Nigeria,0, 0, 200, 0, 0, 0, 0
SaudiArabia->India,0, 0, 200, 0, 0, 0, 0
Kazakhstan->Spain,0, 0, 100, 100, 0, 0, 0
Spain->Australia,0, 0, 100, 100, 0, 0, 0
UnitedArabEmirates->Taiwan,0, 0, 100, 100, 0, 0, 0
Sweden->Denmark,0, 0, 100, 100, 0, 0, 0
Sweden->France,0, 0, 200, 0, 0, 0, 0
USA->Germany,0, 0, 100, 100, 0, 0, 0
USA->Colombia,0, 0, 100, 100, 0, 0, 0
France->Morocco,0, 0, 200, 0, 0, 0, 0
Sweden->Mexico,0, 0, 100, 100, 0, 0, 0
Russia->Iceland,0, 0, 200, 0, 0, 0, 0
Taiwan->Netherlands,0, 0, 100, 100, 0, 0, 0
Italy->BosniaandHerzegovina,0, 0, 200, 0, 0, 0, 0
Belgium->BosniaandHerzegovina,0, 0, 200, 0, 0, 0, 0
France->Hungary,0, 0, 100, 100, 0, 0, 0
Portugal->Poland,0, 0, 200, 0, 0, 0, 0
Poland->Japan,0, 0, 200, 0, 0, 0, 0
Poland->Portugal,0, 0, 200, 0, 0, 0, 0
Poland->UnitedKingdom,0, 0, 100, 100, 0, 0, 0
India->Portugal,0, 0, 100, 100, 0, 0, 0
Netherlands->UnitedKingdom,0, 0, 200, 0, 0, 0, 0
Switzerland->Romania,0, 0, 200, 0, 0, 0, 0
DemocraticRepublicoftheCongo->Switzerland,0, 0, 100, 100, 0, 0, 0
Netherlands->Belgium,0, 0, 200, 0, 0, 0, 0
Netherlands->Vietnam,0, 0, 200, 0, 0, 0, 0
Netherlands->Argentina,0, 0, 200, 0, 0, 0, 0
Switzerland->Vietnam,0, 0, 200, 0, 0, 0, 0
DemocraticRepublicoftheCongo->India,0, 0, 200, 0, 0, 0, 0
DemocraticRepublicoftheCongo->Belgium,0, 0, 200, 0, 0, 0, 0
Belgium->DemocraticRepublicoftheCongo,0, 0, 200, 0, 0, 0, 0
Portugal->Colombia,0, 0, 100, 100, 0, 0, 0
Japan->Russia,0, 0, 200, 0, 0, 0, 0
Russia->Netherlands,0, 0, 100, 100, 0, 0, 0
Russia->Switzerland,0, 0, 200, 0, 0, 0, 0
Germany->UnitedKingdom,0, 0, 100, 100, 0, 0, 0
India->Finland,0, 0, 100, 100, 0, 0, 0
Switzerland->Chile,0, 0, 100, 100, 0, 0, 0
Switzerland->Argentina,0, 0, 100, 100, 0, 0, 0
Brazil->Argentina,0, 0, 200, 0, 0, 0, 0
Chile->Australia,0, 0, 100, 100, 0, 0, 0
Finland->Colombia,0, 0, 200, 0, 0, 0, 0
Colombia->Canada,0, 0, 100, 100, 0, 0, 0
Colombia->India,0, 0, 100, 100, 0, 0, 0
USA->Denmark,0, 0, 0, 200, 0, 0, 0
Denmark->Germany,0, 0, 0, 200, 0, 0, 0
Denmark->Austria,0, 0, 0, 200, 0, 0, 0
Sweden->BosniaandHerzegovina,0, 0, 0, 200, 0, 0, 0
India->Germany,0, 0, 0, 200, 0, 0, 0
Chile->Brazil,0, 0, 0, 200, 0, 0, 0
Spain->Portugal,0, 0, 0, 200, 0, 0, 0
India->Malaysia,0, 0, 0, 200, 0, 0, 0
Denmark->Sweden,0, 0, 0, 200, 0, 0, 0
Italy->NewZealand,0, 0, 0, 200, 0, 0, 0
France->Oman,0, 0, 100, 91, 0, 0, 0
France->Iceland,0, 0, 191, 0, 0, 0, 0
France->Singapore,0, 0, 100, 91, 0, 0, 0
France->DemocraticRepublicoftheCongo,0, 0, 100, 91, 0, 0, 0
France->Austria,0, 0, 91, 91, 0, 0, 0
France->Belgium,0, 0, 0, 182, 0, 0, 0
France->Portugal,0, 0, 0, 182, 0, 0, 0
Switzerland->Austria,56, 0, 100, 0, 0, 0, 0
Switzerland->UnitedKingdom,0, 0, 156, 0, 0, 0, 0
Switzerland->India,0, 0, 156, 0, 0, 0, 0
Switzerland->UnitedArabEmirates,0, 0, 156, 0, 0, 0, 0
Italy->Norway,0, 0, 144, 0, 0, 0, 0
Italy->Brazil,0, 0, 144, 0, 0, 0, 0
Luxembourg->Switzerland,0, 5, 0, 105, 0, 0, 0
Canada->Germany,100, 0, 9, 0, 0, 0, 0
Canada->USA,0, 100, 9, 0, 0, 0, 0
Canada->Turkey,0, 100, 9, 0, 0, 0, 0
Norway->NewZealand,0, 0, 109, 0, 0, 0, 0
Norway->CzechRepublic,0, 0, 109, 0, 0, 0, 0
Canada->Norway,0, 0, 109, 0, 0, 0, 0
Portugal->Australia,0, 0, 100, 9, 0, 0, 0
Canada->Belgium,0, 0, 0, 109, 0, 0, 0
Luxembourg->Germany,0, 5, 100, 0, 0, 0, 0
Luxembourg->France,0, 0, 105, 0, 0, 0, 0
Switzerland->Latvia,0, 4, 100, 0, 0, 0, 0
Switzerland->Germany,0, 4, 100, 0, 0, 0, 0
Switzerland->DemocraticRepublicoftheCongo,0, 0, 0, 104, 0, 0, 0
Austria->Latvia,100, 0, 0, 0, 0, 0, 0
Austria->Germany,100, 0, 0, 0, 0, 0, 0
Germany->Uganda,100, 0, 0, 0, 0, 0, 0
Spain->NewZealand,100, 0, 0, 0, 0, 0, 0
Spain->Japan,100, 0, 0, 0, 0, 0, 0
Spain->Poland,100, 0, 0, 0, 0, 0, 0
Spain->Morocco,100, 0, 0, 0, 0, 0, 0
Spain->Belgium,100, 0, 0, 0, 0, 0, 0
Argentina->Chile,100, 0, 0, 0, 0, 0, 0
Argentina->Spain,100, 0, 0, 0, 0, 0, 0
Argentina->Hungary,100, 0, 0, 0, 0, 0, 0
Argentina->Belgium,100, 0, 0, 0, 0, 0, 0
Hungary->Germany,100, 0, 0, 0, 0, 0, 0
Germany->HongKong,100, 0, 0, 0, 0, 0, 0
HongKong->China,100, 0, 0, 0, 0, 0, 0
China->India,100, 0, 0, 0, 0, 0, 0
China->SouthAfrica,100, 0, 0, 0, 0, 0, 0
Taiwan->China,100, 0, 0, 0, 0, 0, 0
China->Finland,100, 0, 0, 0, 0, 0, 0
China->Brazil,100, 0, 0, 0, 0, 0, 0
China->Canada,100, 0, 0, 0, 0, 0, 0
Canada->Malaysia,100, 0, 0, 0, 0, 0, 0
Germany->Austria,100, 0, 0, 0, 0, 0, 0
Germany->Taiwan,100, 0, 0, 0, 0, 0, 0
Germany->Singapore,100, 0, 0, 0, 0, 0, 0
Singapore->China,100, 0, 0, 0, 0, 0, 0
Thailand->SouthKorea,100, 0, 0, 0, 0, 0, 0
China->Norway,100, 0, 0, 0, 0, 0, 0
China->Denmark,100, 0, 0, 0, 0, 0, 0
Japan->Taiwan,100, 0, 0, 0, 0, 0, 0
Taiwan->SouthKorea,100, 0, 0, 0, 0, 0, 0
Taiwan->Thailand,100, 0, 0, 0, 0, 0, 0
Taiwan->Malaysia,100, 0, 0, 0, 0, 0, 0
China->Belgium,100, 0, 0, 0, 0, 0, 0
Australia->France,100, 0, 0, 0, 0, 0, 0
Australia->Germany,100, 0, 0, 0, 0, 0, 0
Australia->Colombia,100, 0, 0, 0, 0, 0, 0
Australia->SouthKorea,100, 0, 0, 0, 0, 0, 0
China->Mexico,0, 100, 0, 0, 0, 0, 0
China->Uganda,0, 100, 0, 0, 0, 0, 0
China->Colombia,0, 100, 0, 0, 0, 0, 0
China->Uruguay,0, 100, 0, 0, 0, 0, 0
USA->China,0, 100, 0, 0, 0, 0, 0
Singapore->Australia,0, 100, 0, 0, 0, 0, 0
Australia->Japan,0, 100, 0, 0, 0, 0, 0
HongKong->Italy,0, 100, 0, 0, 0, 0, 0
Singapore->HongKong,0, 100, 0, 0, 0, 0, 0
Thailand->Belgium,0, 100, 0, 0, 0, 0, 0
Thailand->Taiwan,0, 100, 0, 0, 0, 0, 0
Spain->Netherlands,0, 100, 0, 0, 0, 0, 0
Spain->Taiwan,0, 100, 0, 0, 0, 0, 0
Canada->UnitedArabEmirates,0, 100, 0, 0, 0, 0, 0
UnitedArabEmirates->HongKong,0, 100, 0, 0, 0, 0, 0
HongKong->Australia,0, 100, 0, 0, 0, 0, 0
Australia->NewZealand,0, 100, 0, 0, 0, 0, 0
Australia->Norway,0, 100, 0, 0, 0, 0, 0
Australia->Italy,0, 100, 0, 0, 0, 0, 0
Norway->HongKong,0, 100, 0, 0, 0, 0, 0
Norway->Japan,0, 100, 0, 0, 0, 0, 0
USA->SouthKorea,0, 100, 0, 0, 0, 0, 0
Thailand->Germany,0, 100, 0, 0, 0, 0, 0
Thailand->Austria,0, 100, 0, 0, 0, 0, 0
Thailand->Mexico,0, 100, 0, 0, 0, 0, 0
Thailand->Netherlands,0, 100, 0, 0, 0, 0, 0
Taiwan->Australia,0, 100, 0, 0, 0, 0, 0
Taiwan->Japan,0, 100, 0, 0, 0, 0, 0
Japan->Norway,0, 100, 0, 0, 0, 0, 0
Japan->Poland,0, 100, 0, 0, 0, 0, 0
UnitedArabEmirates->Germany,0, 100, 0, 0, 0, 0, 0
Japan->USA,0, 100, 0, 0, 0, 0, 0
HongKong->India,0, 100, 0, 0, 0, 0, 0
Norway->Spain,0, 100, 0, 0, 0, 0, 0
Norway->SouthKorea,0, 100, 0, 0, 0, 0, 0
Norway->Jordan,0, 100, 0, 0, 0, 0, 0
Canada->Oman,0, 100, 0, 0, 0, 0, 0
Canada->Australia,0, 100, 0, 0, 0, 0, 0
Canada->India,0, 100, 0, 0, 0, 0, 0
Oman->Turkey,0, 100, 0, 0, 0, 0, 0
Oman->Kazakhstan,0, 100, 0, 0, 0, 0, 0
Oman->UnitedArabEmirates,0, 100, 0, 0, 0, 0, 0
Japan->Malaysia,0, 100, 0, 0, 0, 0, 0
Chile->Belgium,0, 100, 0, 0, 0, 0, 0
Australia->UnitedArabEmirates,0, 100, 0, 0, 0, 0, 0
Latvia->Morocco,0, 100, 0, 0, 0, 0, 0
Greece->Russia,0, 0, 100, 0, 0, 0, 0
Russia->Bangladesh,0, 0, 100, 0, 0, 0, 0
Germany->Russia,0, 0, 100, 0, 0, 0, 0
Russia->Kazakhstan,0, 0, 100, 0, 0, 0, 0
CzechRepublic->Switzerland,0, 0, 100, 0, 0, 0, 0
CzechRepublic->Vietnam,0, 0, 100, 0, 0, 0, 0
Austria->Italy,0, 0, 100, 0, 0, 0, 0
Italy->USA,0, 0, 100, 0, 0, 0, 0
Russia->Mexico,0, 0, 100, 0, 0, 0, 0
Latvia->China,0, 0, 100, 0, 0, 0, 0
Latvia->France,0, 0, 100, 0, 0, 0, 0
Latvia->BosniaandHerzegovina,0, 0, 100, 0, 0, 0, 0
France->BosniaandHerzegovina,0, 0, 100, 0, 0, 0, 0
BosniaandHerzegovina->France,0, 0, 100, 0, 0, 0, 0
UnitedArabEmirates->Thailand,0, 0, 100, 0, 0, 0, 0
UnitedArabEmirates->Sweden,0, 0, 100, 0, 0, 0, 0
India->SaudiArabia,0, 0, 100, 0, 0, 0, 0
Italy->Japan,0, 0, 100, 0, 0, 0, 0
Italy->Vietnam,0, 0, 100, 0, 0, 0, 0
Greece->Israel,0, 0, 100, 0, 0, 0, 0
Greece->Uganda,0, 0, 100, 0, 0, 0, 0
Uganda->Chile,0, 0, 100, 0, 0, 0, 0
Chile->UnitedKingdom,0, 0, 100, 0, 0, 0, 0
Chile->Vietnam,0, 0, 100, 0, 0, 0, 0
Norway->BosniaandHerzegovina,0, 0, 100, 0, 0, 0, 0
Norway->Iceland,0, 0, 100, 0, 0, 0, 0
Norway->Greece,0, 0, 100, 0, 0, 0, 0
NewZealand->Greece,0, 0, 100, 0, 0, 0, 0
NewZealand->Israel,0, 0, 100, 0, 0, 0, 0
NewZealand->Netherlands,0, 0, 100, 0, 0, 0, 0
Netherlands->Brazil,0, 0, 100, 0, 0, 0, 0
France->Bangladesh,0, 0, 100, 0, 0, 0, 0
Chile->Italy,0, 0, 100, 0, 0, 0, 0
SaudiArabia->Russia,0, 0, 100, 0, 0, 0, 0
SaudiArabia->Sweden,0, 0, 100, 0, 0, 0, 0
USA->Jordan,0, 0, 100, 0, 0, 0, 0
Spain->India,0, 0, 100, 0, 0, 0, 0
SouthKorea->India,0, 0, 100, 0, 0, 0, 0
SouthKorea->Taiwan,0, 0, 100, 0, 0, 0, 0
Uganda->Brazil,0, 0, 100, 0, 0, 0, 0
Uganda->BosniaandHerzegovina,0, 0, 100, 0, 0, 0, 0
Bangladesh->USA,0, 0, 100, 0, 0, 0, 0
Luxembourg->Norway,0, 0, 100, 0, 0, 0, 0
Luxembourg->Denmark,0, 0, 100, 0, 0, 0, 0
Germany->BosniaandHerzegovina,0, 0, 100, 0, 0, 0, 0
Germany->Norway,0, 0, 100, 0, 0, 0, 0
Norway->Italy,0, 0, 100, 0, 0, 0, 0
Israel->Uganda,0, 0, 100, 0, 0, 0, 0
Israel->BosniaandHerzegovina,0, 0, 100, 0, 0, 0, 0
Israel->Netherlands,0, 0, 100, 0, 0, 0, 0
Israel->Japan,0, 0, 100, 0, 0, 0, 0
Israel->India,0, 0, 100, 0, 0, 0, 0
India->Iceland,0, 0, 100, 0, 0, 0, 0
India->Denmark,0, 0, 100, 0, 0, 0, 0
India->Belgium,0, 0, 100, 0, 0, 0, 0
India->Russia,0, 0, 100, 0, 0, 0, 0
India->Austria,0, 0, 100, 0, 0, 0, 0
Brazil->CzechRepublic,0, 0, 100, 0, 0, 0, 0
Brazil->Switzerland,0, 0, 100, 0, 0, 0, 0
Taiwan->Oman,0, 0, 100, 0, 0, 0, 0
India->Thailand,0, 0, 100, 0, 0, 0, 0
SaudiArabia->Senegal,0, 0, 100, 0, 0, 0, 0
China->Kazakhstan,0, 0, 100, 0, 0, 0, 0
China->Turkey,0, 0, 100, 0, 0, 0, 0
UnitedArabEmirates->Luxembourg,0, 0, 100, 0, 0, 0, 0
Luxembourg->Netherlands,0, 0, 100, 0, 0, 0, 0
Luxembourg->Belgium,0, 0, 100, 0, 0, 0, 0
Luxembourg->Austria,0, 0, 100, 0, 0, 0, 0
Luxembourg->Singapore,0, 0, 100, 0, 0, 0, 0
France->Vietnam,0, 0, 100, 0, 0, 0, 0
Sweden->Norway,0, 0, 100, 0, 0, 0, 0
Sweden->Canada,0, 0, 100, 0, 0, 0, 0
Sweden->Chile,0, 0, 100, 0, 0, 0, 0
France->UnitedArabEmirates,0, 0, 100, 0, 0, 0, 0
France->Jordan,0, 0, 100, 0, 0, 0, 0
Jordan->USA,0, 0, 100, 0, 0, 0, 0
Jordan->Colombia,0, 0, 100, 0, 0, 0, 0
Denmark->Colombia,0, 0, 100, 0, 0, 0, 0
Denmark->France,0, 0, 100, 0, 0, 0, 0
Colombia->France,0, 0, 100, 0, 0, 0, 0
Sweden->Brazil,0, 0, 100, 0, 0, 0, 0
Sweden->SaudiArabia,0, 0, 100, 0, 0, 0, 0
Latvia->SaudiArabia,0, 0, 100, 0, 0, 0, 0
Latvia->Bangladesh,0, 0, 100, 0, 0, 0, 0
Latvia->Romania,0, 0, 100, 0, 0, 0, 0
Latvia->SouthAfrica,0, 0, 100, 0, 0, 0, 0
Taiwan->Austria,0, 0, 100, 0, 0, 0, 0
Taiwan->Russia,0, 0, 100, 0, 0, 0, 0
UnitedKingdom->Brazil,0, 0, 100, 0, 0, 0, 0
UnitedKingdom->NewZealand,0, 0, 100, 0, 0, 0, 0
UnitedKingdom->Jordan,0, 0, 100, 0, 0, 0, 0
Taiwan->Nigeria,0, 0, 100, 0, 0, 0, 0
Taiwan->Chile,0, 0, 100, 0, 0, 0, 0
Bangladesh->Spain,0, 0, 100, 0, 0, 0, 0
France->Poland,0, 0, 100, 0, 0, 0, 0
Spain->Senegal,0, 0, 100, 0, 0, 0, 0
Spain->France,0, 0, 100, 0, 0, 0, 0
China->Italy,0, 0, 100, 0, 0, 0, 0
Taiwan->Switzerland,0, 0, 100, 0, 0, 0, 0
Taiwan->NewZealand,0, 0, 100, 0, 0, 0, 0
Taiwan->Uruguay,0, 0, 100, 0, 0, 0, 0
Taiwan->Jordan,0, 0, 100, 0, 0, 0, 0
Italy->Finland,0, 0, 100, 0, 0, 0, 0
Italy->Senegal,0, 0, 100, 0, 0, 0, 0
Belgium->Germany,0, 0, 100, 0, 0, 0, 0
Belgium->Netherlands,0, 0, 100, 0, 0, 0, 0
BosniaandHerzegovina->CzechRepublic,0, 0, 100, 0, 0, 0, 0
BosniaandHerzegovina->India,0, 0, 100, 0, 0, 0, 0
BosniaandHerzegovina->Portugal,0, 0, 100, 0, 0, 0, 0
BosniaandHerzegovina->Netherlands,0, 0, 100, 0, 0, 0, 0
BosniaandHerzegovina->Italy,0, 0, 100, 0, 0, 0, 0
BosniaandHerzegovina->USA,0, 0, 100, 0, 0, 0, 0
Italy->SaudiArabia,0, 0, 100, 0, 0, 0, 0
Sweden->Romania,0, 0, 100, 0, 0, 0, 0
Austria->Uganda,0, 0, 100, 0, 0, 0, 0
Austria->Portugal,0, 0, 100, 0, 0, 0, 0
Portugal->Netherlands,0, 0, 100, 0, 0, 0, 0
Portugal->CzechRepublic,0, 0, 100, 0, 0, 0, 0
Portugal->Vietnam,0, 0, 100, 0, 0, 0, 0
Portugal->Switzerland,0, 0, 100, 0, 0, 0, 0
Portugal->Austria,0, 0, 100, 0, 0, 0, 0
Portugal->UnitedKingdom,0, 0, 100, 0, 0, 0, 0
Poland->Netherlands,0, 0, 100, 0, 0, 0, 0
Poland->Spain,0, 0, 100, 0, 0, 0, 0
Poland->USA,0, 0, 100, 0, 0, 0, 0
Poland->Colombia,0, 0, 100, 0, 0, 0, 0
India->DemocraticRepublicoftheCongo,0, 0, 100, 0, 0, 0, 0
Hungary->Denmark,0, 0, 100, 0, 0, 0, 0
Italy->Poland,0, 0, 100, 0, 0, 0, 0
Italy->Chile,0, 0, 100, 0, 0, 0, 0
France->China,0, 0, 100, 0, 0, 0, 0
India->Italy,0, 0, 100, 0, 0, 0, 0
India->Georgia,0, 0, 100, 0, 0, 0, 0
India->NewZealand,0, 0, 100, 0, 0, 0, 0
Netherlands->Uruguay,0, 0, 100, 0, 0, 0, 0
Italy->Canada,0, 0, 100, 0, 0, 0, 0
Luxembourg->Greece,0, 0, 100, 0, 0, 0, 0
Bangladesh->Brazil,0, 0, 100, 0, 0, 0, 0
Bangladesh->Switzerland,0, 0, 100, 0, 0, 0, 0
Germany->Oman,0, 0, 100, 0, 0, 0, 0
Italy->Argentina,0, 0, 100, 0, 0, 0, 0
Italy->SouthAfrica,0, 0, 100, 0, 0, 0, 0
Italy->Jordan,0, 0, 100, 0, 0, 0, 0
Italy->Portugal,0, 0, 100, 0, 0, 0, 0
Netherlands->Colombia,0, 0, 100, 0, 0, 0, 0
Netherlands->Austria,0, 0, 100, 0, 0, 0, 0
Netherlands->Morocco,0, 0, 100, 0, 0, 0, 0
Netherlands->Poland,0, 0, 100, 0, 0, 0, 0
Netherlands->Uganda,0, 0, 100, 0, 0, 0, 0
Jordan->Australia,0, 0, 100, 0, 0, 0, 0
Jordan->Italy,0, 0, 100, 0, 0, 0, 0
DemocraticRepublicoftheCongo->Australia,0, 0, 100, 0, 0, 0, 0
DemocraticRepublicoftheCongo->Luxembourg,0, 0, 100, 0, 0, 0, 0
DemocraticRepublicoftheCongo->Senegal,0, 0, 100, 0, 0, 0, 0
DemocraticRepublicoftheCongo->USA,0, 0, 100, 0, 0, 0, 0
DemocraticRepublicoftheCongo->Italy,0, 0, 100, 0, 0, 0, 0
Latvia->Italy,0, 0, 100, 0, 0, 0, 0
Latvia->Spain,0, 0, 100, 0, 0, 0, 0
Latvia->Russia,0, 0, 100, 0, 0, 0, 0
Latvia->Singapore,0, 0, 100, 0, 0, 0, 0
Singapore->Netherlands,0, 0, 100, 0, 0, 0, 0
Singapore->BosniaandHerzegovina,0, 0, 100, 0, 0, 0, 0
Singapore->Chile,0, 0, 100, 0, 0, 0, 0
Singapore->Jordan,0, 0, 100, 0, 0, 0, 0
Singapore->Greece,0, 0, 100, 0, 0, 0, 0
Singapore->Mexico,0, 0, 100, 0, 0, 0, 0
Singapore->Argentina,0, 0, 100, 0, 0, 0, 0
Singapore->Japan,0, 0, 100, 0, 0, 0, 0
Singapore->Georgia,0, 0, 100, 0, 0, 0, 0
Japan->NewZealand,0, 0, 100, 0, 0, 0, 0
Japan->Portugal,0, 0, 100, 0, 0, 0, 0
Portugal->Uganda,0, 0, 100, 0, 0, 0, 0
Japan->Singapore,0, 0, 100, 0, 0, 0, 0
Russia->HongKong,0, 0, 100, 0, 0, 0, 0
Russia->Japan,0, 0, 100, 0, 0, 0, 0
Russia->Turkey,0, 0, 100, 0, 0, 0, 0
Russia->NewZealand,0, 0, 100, 0, 0, 0, 0
Russia->Georgia,0, 0, 100, 0, 0, 0, 0
Russia->Denmark,0, 0, 100, 0, 0, 0, 0
Russia->Brazil,0, 0, 100, 0, 0, 0, 0
Russia->India,0, 0, 100, 0, 0, 0, 0
Russia->Greece,0, 0, 100, 0, 0, 0, 0
Greece->Finland,0, 0, 100, 0, 0, 0, 0
Germany->Netherlands,0, 0, 100, 0, 0, 0, 0
Vietnam->SouthAfrica,0, 0, 100, 0, 0, 0, 0
Vietnam->Russia,0, 0, 100, 0, 0, 0, 0
Vietnam->Austria,0, 0, 100, 0, 0, 0, 0
Vietnam->India,0, 0, 100, 0, 0, 0, 0
Uganda->India,0, 0, 100, 0, 0, 0, 0
SaudiArabia->Colombia,0, 0, 100, 0, 0, 0, 0
SaudiArabia->Canada,0, 0, 100, 0, 0, 0, 0
Sweden->Belgium,0, 0, 100, 0, 0, 0, 0
UnitedKingdom->Spain,0, 0, 100, 0, 0, 0, 0
China->DemocraticRepublicoftheCongo,0, 0, 100, 0, 0, 0, 0
Poland->Luxembourg,0, 0, 100, 0, 0, 0, 0
Poland->Italy,0, 0, 100, 0, 0, 0, 0
Luxembourg->Finland,0, 0, 100, 0, 0, 0, 0
Canada->Finland,0, 0, 100, 0, 0, 0, 0
Senegal->Netherlands,0, 0, 100, 0, 0, 0, 0
Senegal->Israel,0, 0, 100, 0, 0, 0, 0
Senegal->France,0, 0, 100, 0, 0, 0, 0
Israel->Nigeria,0, 0, 100, 0, 0, 0, 0
Israel->France,0, 0, 100, 0, 0, 0, 0
Chile->Netherlands,0, 0, 100, 0, 0, 0, 0
India->Jordan,0, 0, 100, 0, 0, 0, 0
India->Nigeria,0, 0, 100, 0, 0, 0, 0
India->Canada,0, 0, 100, 0, 0, 0, 0
India->Argentina,0, 0, 100, 0, 0, 0, 0
Switzerland->Japan,0, 0, 100, 0, 0, 0, 0
Switzerland->Hungary,0, 0, 100, 0, 0, 0, 0
Japan->Canada,0, 0, 100, 0, 0, 0, 0
Japan->Netherlands,0, 0, 100, 0, 0, 0, 0
Japan->Jordan,0, 0, 100, 0, 0, 0, 0
Brazil->Germany,0, 0, 100, 0, 0, 0, 0
Brazil->Chile,0, 0, 100, 0, 0, 0, 0
NewZealand->Thailand,0, 0, 100, 0, 0, 0, 0
Uruguay->Mexico,0, 0, 100, 0, 0, 0, 0
Uruguay->Colombia,0, 0, 100, 0, 0, 0, 0
USA->Taiwan,0, 0, 100, 0, 0, 0, 0
Mexico->Taiwan,0, 0, 100, 0, 0, 0, 0
Mexico->Australia,0, 0, 100, 0, 0, 0, 0
Mexico->Uruguay,0, 0, 100, 0, 0, 0, 0
USA->NewZealand,0, 0, 100, 0, 0, 0, 0
USA->Spain,0, 0, 100, 0, 0, 0, 0
Spain->Oman,0, 0, 100, 0, 0, 0, 0
Finland->India,0, 0, 100, 0, 0, 0, 0
Finland->USA,0, 0, 100, 0, 0, 0, 0
Finland->Greece,0, 0, 100, 0, 0, 0, 0
Finland->NewZealand,0, 0, 100, 0, 0, 0, 0
Finland->Malaysia,0, 0, 100, 0, 0, 0, 0
Colombia->UnitedKingdom,0, 0, 100, 0, 0, 0, 0
Colombia->Japan,0, 0, 100, 0, 0, 0, 0
USA->Netherlands,0, 0, 100, 0, 0, 0, 0
USA->Belgium,0, 0, 100, 0, 0, 0, 0
USA->Morocco,0, 0, 100, 0, 0, 0, 0
UnitedArabEmirates->Turkey,0, 0, 0, 100, 0, 0, 0
Singapore->SaudiArabia,0, 0, 0, 100, 0, 0, 0
Colombia->SaudiArabia,0, 0, 0, 100, 0, 0, 0
Sweden->Taiwan,0, 0, 0, 100, 0, 0, 0
Jordan->Switzerland,0, 0, 0, 100, 0, 0, 0
Uruguay->UnitedKingdom,0, 0, 0, 100, 0, 0, 0
Germany->Luxembourg,0, 0, 0, 100, 0, 0, 0
Germany->DemocraticRepublicoftheCongo,0, 0, 0, 100, 0, 0, 0
India->Norway,0, 0, 0, 100, 0, 0, 0
Norway->Georgia,0, 0, 0, 100, 0, 0, 0
USA->Switzerland,0, 0, 0, 100, 0, 0, 0
USA->Singapore,0, 0, 0, 100, 0, 0, 0
USA->Luxembourg,0, 0, 0, 100, 0, 0, 0
USA->Austria,0, 0, 0, 100, 0, 0, 0
USA->Israel,0, 0, 0, 100, 0, 0, 0
Denmark->Vietnam,0, 0, 0, 100, 0, 0, 0
Denmark->Brazil,0, 0, 0, 100, 0, 0, 0
Denmark->Senegal,0, 0, 0, 100, 0, 0, 0
Denmark->USA,0, 0, 0, 100, 0, 0, 0
Denmark->Hungary,0, 0, 0, 100, 0, 0, 0
Denmark->Chile,0, 0, 0, 100, 0, 0, 0
Denmark->Belgium,0, 0, 0, 100, 0, 0, 0
Chile->Portugal,0, 0, 0, 100, 0, 0, 0
Switzerland->Belgium,0, 0, 0, 100, 0, 0, 0
Belgium->Vietnam,0, 0, 0, 100, 0, 0, 0
Belgium->UnitedKingdom,0, 0, 0, 100, 0, 0, 0
Belgium->Switzerland,0, 0, 0, 100, 0, 0, 0
Sweden->Oman,0, 0, 0, 100, 0, 0, 0
Poland->Thailand,0, 0, 0, 100, 0, 0, 0
Poland->Argentina,0, 0, 0, 100, 0, 0, 0
Thailand->Morocco,0, 0, 0, 100, 0, 0, 0
Thailand->Bangladesh,0, 0, 0, 100, 0, 0, 0
Thailand->Georgia,0, 0, 0, 100, 0, 0, 0
Chile->Georgia,0, 0, 0, 100, 0, 0, 0
CzechRepublic->Jordan,0, 0, 0, 100, 0, 0, 0
CzechRepublic->Belgium,0, 0, 0, 100, 0, 0, 0
CzechRepublic->Morocco,0, 0, 0, 100, 0, 0, 0
CzechRepublic->Poland,0, 0, 0, 100, 0, 0, 0
Poland->Jordan,0, 0, 0, 100, 0, 0, 0
USA->Finland,0, 0, 0, 100, 0, 0, 0
USA->Nigeria,0, 0, 0, 100, 0, 0, 0
Thailand->Brazil,0, 0, 0, 100, 0, 0, 0
Thailand->SaudiArabia,0, 0, 0, 100, 0, 0, 0
Germany->Latvia,0, 0, 0, 100, 0, 0, 0
Germany->Greece,0, 0, 0, 100, 0, 0, 0
Germany->Morocco,0, 0, 0, 100, 0, 0, 0
Belgium->Iceland,0, 0, 0, 100, 0, 0, 0
Canada->DemocraticRepublicoftheCongo,0, 0, 0, 100, 0, 0, 0
France->UnitedKingdom,0, 0, 0, 100, 0, 0, 0
Switzerland->Finland,0, 0, 0, 100, 0, 0, 0
Switzerland->Poland,0, 0, 0, 100, 0, 0, 0
Poland->Austria,0, 0, 0, 100, 0, 0, 0
Poland->DemocraticRepublicoftheCongo,0, 0, 0, 100, 0, 0, 0
Poland->Chile,0, 0, 0, 100, 0, 0, 0
Belgium->Chile,0, 0, 0, 100, 0, 0, 0
Colombia->Kazakhstan,0, 0, 0, 100, 0, 0, 0
Colombia->USA,0, 0, 0, 100, 0, 0, 0
Colombia->China,0, 0, 0, 100, 0, 0, 0
Canada->Argentina,0, 0, 0, 100, 0, 0, 0
Argentina->Israel,0, 0, 0, 100, 0, 0, 0
Israel->Canada,0, 0, 0, 100, 0, 0, 0
Israel->NewZealand,0, 0, 0, 100, 0, 0, 0
CzechRepublic->Turkey,0, 0, 0, 100, 0, 0, 0
CzechRepublic->UnitedKingdom,0, 0, 0, 100, 0, 0, 0
CzechRepublic->Portugal,0, 0, 0, 100, 0, 0, 0
Russia->Germany,0, 0, 0, 100, 0, 0, 0
Russia->Latvia,0, 0, 0, 100, 0, 0, 0
Belgium->Turkey,0, 0, 0, 100, 0, 0, 0
Poland->Oman,0, 0, 0, 100, 0, 0, 0
UnitedKingdom->USA,0, 0, 0, 100, 0, 0, 0
UnitedKingdom->Canada,0, 0, 0, 100, 0, 0, 0
Sweden->Israel,0, 0, 0, 100, 0, 0, 0
Spain->Luxembourg,0, 0, 0, 100, 0, 0, 0
Spain->DemocraticRepublicoftheCongo,0, 0, 0, 100, 0, 0, 0
UnitedArabEmirates->Uganda,0, 0, 0, 100, 0, 0, 0
Chile->Uruguay,0, 0, 0, 100, 0, 0, 0
CzechRepublic->Denmark,0, 0, 0, 100, 0, 0, 0
Brazil->Poland,0, 0, 0, 100, 0, 0, 0
India->SouthAfrica,0, 0, 0, 100, 0, 0, 0
Taiwan->Luxembourg,0, 0, 0, 100, 0, 0, 0
Taiwan->Colombia,0, 0, 0, 100, 0, 0, 0
Argentina->Uruguay,0, 0, 0, 100, 0, 0, 0
Spain->Romania,0, 0, 0, 100, 0, 0, 0
Turkey->SaudiArabia,0, 0, 0, 100, 0, 0, 0
SaudiArabia->Brazil,0, 0, 0, 100, 0, 0, 0
Sweden->CzechRepublic,0, 0, 0, 100, 0, 0, 0
Sweden->Poland,0, 0, 0, 100, 0, 0, 0
Colombia->Portugal,0, 0, 0, 100, 0, 0, 0
Russia->Uruguay,0, 0, 0, 100, 0, 0, 0
Russia->Oman,0, 0, 0, 100, 0, 0, 0
Denmark->UnitedKingdom,0, 0, 0, 100, 0, 0, 0
UnitedKingdom->Iceland,0, 0, 0, 100, 0, 0, 0
UnitedKingdom->Switzerland,0, 0, 0, 100, 0, 0, 0
Taiwan->Bangladesh,0, 0, 0, 100, 0, 0, 0
France->Argentina,0, 0, 0, 100, 0, 0, 0
NewZealand->USA,0, 0, 0, 100, 0, 0, 0
Chile->Argentina,0, 0, 0, 100, 0, 0, 0
Turkey->Belgium,0, 0, 0, 100, 0, 0, 0
Turkey->Latvia,0, 0, 0, 100, 0, 0, 0
Denmark->Latvia,0, 0, 0, 100, 0, 0, 0
Israel->Poland,0, 0, 0, 100, 0, 0, 0
Oman->Uganda,0, 0, 0, 100, 0, 0, 0
Sweden->Austria,0, 0, 0, 100, 0, 0, 0
Sweden->Netherlands,0, 0, 0, 100, 0, 0, 0
Italy->Hungary,0, 0, 0, 100, 0, 0, 0
Bangladesh->Australia,0, 0, 0, 100, 0, 0, 0
Taiwan->France,0, 91, 0, 0, 0, 0, 0
France->Latvia,0, 91, 0, 0, 0, 0, 0
France->SaudiArabia,0, 0, 91, 0, 0, 0, 0
France->Brazil,0, 0, 91, 0, 0, 0, 0
France->Georgia,0, 0, 91, 0, 0, 0, 0
France->NewZealand,0, 0, 91, 0, 0, 0, 0
France->CzechRepublic,0, 0, 91, 0, 0, 0, 0
Switzerland->France,0, 0, 60, 0, 0, 0, 0
Switzerland->Taiwan,56, 0, 0, 0, 0, 0, 0
Switzerland->Norway,0, 0, 56, 0, 0, 0, 0
Switzerland->Brazil,0, 0, 56, 0, 0, 0, 0
Switzerland->Greece,0, 0, 56, 0, 0, 0, 0
Switzerland->Australia,0, 0, 56, 0, 0, 0, 0
Italy->Taiwan,44, 0, 0, 0, 0, 0, 0
Italy->Morocco,0, 0, 44, 0, 0, 0, 0
Morocco->Luxembourg,0, 0, 44, 0, 0, 0, 0
Morocco->Greece,0, 0, 44, 0, 0, 0, 0
Italy->Russia,0, 0, 44, 0, 0, 0, 0
Italy->France,0, 0, 44, 0, 0, 0, 0
Morocco->UnitedArabEmirates,0, 0, 44, 0, 0, 0, 0
Morocco->Switzerland,0, 0, 44, 0, 0, 0, 0
Norway->Sweden,0, 0, 18, 0, 0, 0, 0
Norway->Turkey,0, 0, 9, 9, 0, 0, 0
Norway->Finland,0, 0, 9, 9, 0, 0, 0
Canada->France,0, 0, 9, 9, 0, 0, 0
Taiwan->Canada,0, 9, 0, 0, 0, 0, 0
Canada->SaudiArabia,0, 0, 9, 0, 0, 0, 0
Canada->Brazil,0, 0, 9, 0, 0, 0, 0
Canada->Iceland,0, 0, 9, 0, 0, 0, 0
Canada->Georgia,0, 0, 9, 0, 0, 0, 0
Norway->Denmark,0, 0, 9, 0, 0, 0, 0
Norway->Colombia,0, 0, 9, 0, 0, 0, 0
Norway->Taiwan,0, 0, 9, 0, 0, 0, 0
Norway->Switzerland,0, 0, 9, 0, 0, 0, 0
Canada->Austria,0, 0, 9, 0, 0, 0, 0
Canada->Denmark,0, 0, 9, 0, 0, 0, 0
Canada->Singapore,0, 0, 0, 9, 0, 0, 0
Norway->Luxembourg,0, 0, 0, 9, 0, 0, 0
Norway->Portugal,0, 0, 0, 9, 0, 0, 0
Portugal->France,0, 0, 0, 9, 0, 0, 0
Norway->Belgium,0, 0, 0, 9, 0, 0, 0
Canada->Luxembourg,0, 5, 0, 0, 0, 0, 0
Luxembourg->Latvia,0, 5, 0, 0, 0, 0, 0
Canada->Switzerland,0, 4, 0, 0, 0, 0, 0
