edges/dates,2019.7952947057133, 2019.8565587846083, 2019.9178228635033, 2019.9790869423982, 2020.040351021293, 2020.101615100188, 2020.162879179083, 2020.2241432579779
USA->Canada,0, 0, 68, 232, 479, 100, 385, 100
England->Portugal,0, 0, 0, 136, 620, 100, 310, 0
England->Scotland,0, 0, 0, 435, 139, 134, 342, 73
England->Iceland,0, 0, 19, 230, 39, 194, 614, 0
USA->Australia,0, 0, 0, 47, 721, 153, 69, 0
England->Netherlands,0, 0, 0, 50, 425, 100, 377, 0
England->Belgium,100, 0, 0, 204, 236, 115, 208, 4
China->Singapore,155, 5, 558, 0, 34, 100, 0, 0
Australia->Canada,42, 0, 0, 227, 29, 0, 466, 60
England->Italy,100, 0, 0, 188, 157, 0, 356, 0
Australia->England,0, 0, 0, 239, 1, 290, 106, 120
China->Scotland,213, 37, 235, 149, 100, 0, 0, 0
China->SouthKorea,300, 0, 242, 159, 9, 0, 0, 0
Luxembourg->France,11, 0, 0, 250, 262, 17, 0, 100
England->Australia,0, 0, 0, 97, 200, 0, 242, 100
Canada->USA,0, 0, 32, 202, 304, 0, 96, 0
Spain->England,0, 0, 0, 82, 246, 0, 300, 0
England->USA,0, 0, 0, 100, 155, 100, 236, 22
Portugal->England,18, 0, 0, 55, 328, 17, 182, 0
Australia->USA,0, 0, 0, 6, 146, 79, 179, 146
France->Belgium,0, 0, 8, 190, 226, 10, 100, 0
China->Japan,382, 0, 42, 100, 0, 0, 0, 0
Spain->Portugal,0, 0, 100, 47, 102, 135, 140, 0
France->Luxembourg,6, 0, 0, 177, 313, 20, 0, 0
Netherlands->Scotland,0, 30, 0, 33, 165, 3, 272, 0
Belgium->Netherlands,0, 0, 0, 279, 109, 0, 115, 0
China->HongKong,171, 0, 330, 0, 0, 0, 0, 0
England->Germany,120, 0, 53, 100, 167, 6, 55, 0
England->Wales,0, 0, 0, 148, 0, 0, 323, 0
USA->France,0, 0, 0, 79, 149, 33, 110, 100
England->Finland,100, 0, 0, 100, 130, 0, 131, 0
Belgium->England,0, 0, 0, 138, 141, 91, 91, 0
Australia->Scotland,0, 0, 0, 107, 0, 223, 101, 12
China->Taiwan,117, 18, 300, 0, 0, 0, 0, 0
Scotland->England,0, 0, 0, 114, 119, 39, 145, 14
Belgium->Iceland,0, 0, 175, 35, 38, 130, 49, 0
Portugal->Belgium,0, 0, 0, 179, 138, 5, 0, 104
France->DemocraticRepublicoftheCongo,0, 0, 0, 0, 225, 100, 100, 0
Iceland->England,0, 0, 16, 54, 31, 51, 270, 0
Italy->Belgium,0, 0, 0, 196, 33, 28, 58, 105
Germany->France,0, 0, 0, 0, 278, 31, 0, 100
France->USA,0, 0, 0, 67, 113, 94, 127, 3
Italy->England,0, 0, 120, 85, 0, 0, 186, 0
Netherlands->England,100, 0, 0, 25, 35, 0, 130, 100
Australia->Taiwan,0, 0, 0, 101, 0, 86, 103, 100
Spain->Scotland,0, 0, 0, 22, 288, 78, 1, 0
Canada->Japan,15, 0, 0, 137, 236, 0, 0, 0
Australia->Iceland,0, 0, 35, 7, 139, 94, 15, 92
Netherlands->Portugal,0, 0, 0, 46, 147, 0, 73, 102
Germany->Scotland,14, 0, 0, 0, 199, 0, 0, 153
Luxembourg->Belgium,0, 0, 0, 122, 19, 0, 100, 121
Belgium->France,0, 0, 0, 14, 346, 0, 0, 0
Norway->Finland,0, 0, 0, 0, 20, 100, 237, 0
France->Iceland,0, 0, 0, 80, 71, 111, 87, 0
France->Taiwan,1, 2, 0, 210, 89, 10, 33, 0
France->Senegal,0, 0, 0, 121, 114, 0, 9, 100
Germany->England,35, 0, 47, 0, 119, 4, 18, 119
Luxembourg->USA,1, 0, 0, 8, 329, 0, 0, 0
France->Finland,0, 0, 0, 0, 22, 158, 152, 0
USA->Luxembourg,39, 0, 0, 67, 124, 0, 100, 0
USA->Germany,0, 0, 0, 12, 200, 15, 100, 1
Italy->Netherlands,0, 0, 0, 231, 19, 0, 76, 0
Portugal->Scotland,0, 0, 0, 122, 64, 23, 113, 0
France->Australia,0, 0, 0, 100, 28, 64, 129, 0
Scotland->Netherlands,0, 33, 0, 108, 39, 0, 138, 0
Portugal->Spain,0, 0, 0, 136, 182, 0, 0, 0
DemocraticRepublicoftheCongo->Belgium,0, 0, 0, 100, 18, 0, 100, 100
Australia->India,0, 0, 0, 316, 0, 0, 0, 0
Switzerland->England,0, 0, 0, 149, 141, 0, 25, 0
USA->Iceland,0, 0, 4, 3, 100, 100, 60, 45
Singapore->China,48, 0, 247, 0, 12, 0, 0, 0
France->Canada,4, 2, 0, 100, 100, 0, 100, 0
Portugal->Netherlands,0, 0, 0, 125, 116, 0, 62, 0
Scotland->Belgium,0, 0, 0, 126, 75, 0, 100, 0
Germany->USA,0, 0, 0, 16, 137, 5, 0, 142
Scotland->China,48, 0, 51, 200, 0, 0, 0, 0
England->Spain,0, 0, 0, 45, 54, 100, 100, 0
Iceland->Netherlands,0, 0, 0, 90, 2, 24, 183, 0
Australia->Netherlands,0, 0, 0, 53, 0, 197, 7, 41
Switzerland->Belgium,0, 0, 0, 34, 153, 7, 100, 0
Australia->Georgia,0, 0, 100, 192, 0, 0, 0, 0
Iceland->Australia,0, 0, 2, 85, 34, 145, 24, 2
Netherlands->Belgium,0, 0, 0, 13, 31, 0, 242, 0
Canada->Australia,0, 0, 100, 40, 0, 103, 5, 29
Canada->England,0, 0, 8, 229, 10, 0, 28, 0
Italy->Portugal,0, 0, 0, 170, 18, 0, 86, 0
Canada->Netherlands,0, 0, 0, 143, 30, 0, 76, 24
Spain->Austria,0, 0, 0, 0, 171, 0, 100, 0
Luxembourg->Australia,0, 0, 0, 153, 116, 0, 0, 0
China->Germany,100, 0, 0, 65, 100, 0, 0, 0
Spain->Mexico,0, 0, 100, 100, 0, 27, 38, 0
Italy->Luxembourg,52, 0, 0, 157, 0, 21, 0, 28
Taiwan->England,0, 0, 0, 47, 145, 24, 41, 0
China->Canada,38, 18, 0, 100, 100, 0, 0, 0
Canada->Taiwan,0, 51, 0, 147, 26, 0, 29, 0
Taiwan->Canada,0, 22, 0, 130, 27, 0, 71, 0
Australia->France,0, 0, 0, 90, 22, 137, 0, 0
USA->England,0, 0, 0, 5, 168, 0, 21, 49
Spain->Luxembourg,0, 0, 100, 0, 42, 0, 100, 0
Scotland->Luxembourg,0, 0, 0, 29, 58, 0, 0, 155
Norway->Iceland,0, 0, 0, 165, 11, 56, 9, 0
England->Taiwan,0, 0, 0, 102, 31, 0, 103, 0
England->DemocraticRepublicoftheCongo,0, 0, 0, 0, 36, 100, 100, 0
China->USA,3, 0, 89, 22, 113, 0, 8, 0
China->Iceland,114, 0, 119, 0, 0, 0, 0, 0
Scotland->Germany,0, 0, 100, 100, 0, 0, 0, 33
England->Ireland,0, 0, 0, 0, 117, 0, 111, 4
Scotland->Australia,0, 0, 0, 36, 100, 95, 0, 0
France->Germany,0, 0, 0, 100, 0, 29, 100, 0
Canada->Germany,0, 0, 0, 0, 29, 0, 100, 100
France->Scotland,0, 0, 0, 30, 30, 148, 6, 14
England->Luxembourg,0, 0, 0, 168, 0, 0, 55, 0
Iceland->Belgium,0, 0, 12, 26, 13, 51, 119, 0
England->Japan,0, 0, 100, 113, 8, 0, 0, 0
Iceland->Scotland,0, 0, 0, 25, 10, 19, 167, 0
China->England,105, 0, 10, 100, 0, 0, 4, 0
England->Switzerland,0, 0, 0, 182, 7, 0, 26, 0
France->Netherlands,0, 0, 0, 47, 147, 5, 8, 0
Portugal->Japan,0, 0, 0, 19, 87, 0, 100, 0
Switzerland->USA,0, 0, 0, 0, 196, 0, 10, 0
Spain->Netherlands,0, 0, 0, 0, 201, 0, 2, 0
Taiwan->Iceland,0, 0, 0, 0, 58, 24, 120, 0
Luxembourg->Italy,0, 0, 0, 73, 0, 0, 128, 0
France->Switzerland,0, 0, 0, 0, 201, 0, 0, 0
China->Spain,0, 0, 200, 0, 0, 0, 0, 0
Italy->Ireland,0, 0, 0, 200, 0, 0, 0, 0
Austria->Portugal,0, 0, 0, 0, 100, 0, 100, 0
Japan->HongKong,0, 0, 0, 0, 200, 0, 0, 0
Germany->Netherlands,0, 0, 0, 0, 53, 6, 40, 100
Netherlands->Italy,0, 0, 0, 177, 2, 0, 16, 0
Belgium->DemocraticRepublicoftheCongo,0, 0, 0, 0, 194, 0, 0, 0
Portugal->CzechRepublic,0, 0, 0, 0, 66, 0, 122, 0
China->Australia,19, 0, 20, 14, 125, 0, 8, 0
USA->Netherlands,0, 0, 0, 33, 108, 45, 0, 0
Switzerland->Netherlands,0, 0, 0, 4, 69, 78, 33, 1
Brazil->Iceland,0, 0, 9, 0, 175, 0, 0, 0
England->Austria,0, 0, 0, 0, 19, 0, 164, 0
Scotland->Spain,0, 0, 0, 12, 170, 0, 0, 0
Belgium->Austria,0, 0, 0, 100, 81, 0, 0, 0
Luxembourg->Scotland,0, 0, 0, 130, 0, 0, 24, 25
Belgium->Germany,0, 0, 0, 84, 72, 0, 23, 0
Luxembourg->Canada,0, 0, 100, 49, 0, 0, 28, 0
Australia->Spain,0, 0, 0, 176, 0, 0, 0, 0
Scotland->France,0, 0, 0, 83, 15, 77, 1, 0
Italy->USA,3, 0, 0, 68, 0, 0, 100, 0
Iceland->USA,0, 0, 3, 11, 13, 43, 72, 29
Germany->Portugal,0, 0, 0, 0, 162, 0, 8, 0
Singapore->SouthKorea,0, 0, 169, 0, 0, 0, 0, 0
France->Portugal,0, 0, 0, 39, 30, 100, 0, 0
Australia->Germany,0, 0, 0, 34, 0, 67, 0, 66
Scotland->Brazil,0, 0, 0, 90, 0, 0, 77, 0
Canada->Austria,0, 0, 0, 100, 0, 0, 67, 0
Spain->France,0, 0, 0, 14, 31, 21, 100, 0
Germany->Belgium,0, 0, 0, 0, 49, 0, 113, 0
Germany->Australia,0, 0, 0, 0, 0, 83, 0, 78
Luxembourg->England,0, 0, 0, 160, 0, 0, 0, 0
Belgium->Japan,0, 0, 0, 19, 139, 0, 0, 0
France->Norway,0, 0, 0, 32, 71, 40, 0, 14
Portugal->Germany,18, 0, 0, 0, 51, 0, 87, 0
USA->Austria,0, 0, 0, 1, 0, 127, 0, 28
Japan->Singapore,116, 14, 12, 0, 11, 0, 0, 0
England->Brazil,0, 0, 1, 34, 100, 0, 17, 0
Australia->Singapore,0, 0, 0, 9, 43, 0, 100, 0
Japan->Netherlands,0, 0, 0, 51, 100, 0, 0, 0
Portugal->Ireland,0, 0, 0, 0, 56, 0, 89, 5
Belgium->Scotland,0, 0, 0, 56, 0, 8, 84, 0
England->France,0, 0, 0, 8, 129, 11, 0, 0
Spain->Australia,0, 0, 0, 82, 0, 66, 0, 0
Belgium->Italy,0, 0, 0, 104, 18, 0, 0, 23
Belgium->Portugal,0, 0, 0, 43, 101, 0, 0, 1
Norway->France,0, 0, 0, 15, 0, 30, 100, 0
SouthKorea->China,21, 0, 108, 13, 0, 0, 0, 0
Scotland->USA,0, 0, 0, 117, 12, 0, 12, 0
Switzerland->Brazil,0, 0, 0, 0, 100, 41, 0, 0
Finland->England,0, 0, 0, 0, 137, 0, 0, 0
Iceland->Germany,0, 0, 0, 0, 0, 0, 137, 0
Italy->Switzerland,0, 0, 28, 108, 0, 0, 0, 0
Luxembourg->Iceland,0, 0, 0, 0, 0, 0, 136, 0
HongKong->Singapore,0, 0, 134, 0, 0, 0, 0, 0
Australia->Norway,29, 0, 0, 20, 49, 23, 0, 12
Spain->Iceland,0, 0, 100, 4, 3, 0, 26, 0
Belgium->Australia,0, 0, 4, 45, 74, 8, 1, 0
Italy->Canada,0, 0, 59, 36, 0, 0, 36, 0
Canada->Scotland,0, 0, 0, 28, 0, 3, 100, 0
Ireland->Scotland,0, 0, 0, 0, 26, 0, 104, 0
Switzerland->Italy,0, 0, 12, 58, 44, 0, 15, 0
Scotland->Finland,0, 0, 0, 100, 0, 0, 29, 0
Portugal->USA,0, 0, 0, 0, 16, 0, 113, 0
USA->Norway,9, 0, 0, 5, 100, 14, 0, 0
Scotland->HongKong,0, 0, 28, 100, 0, 0, 0, 0
Spain->Brazil,0, 0, 0, 28, 0, 100, 0, 0
Iceland->Norway,0, 0, 0, 69, 5, 54, 0, 0
Netherlands->USA,0, 0, 0, 8, 29, 27, 63, 0
Singapore->Japan,115, 0, 11, 0, 0, 0, 0, 0
Netherlands->Brazil,0, 0, 0, 0, 4, 22, 100, 0
Scotland->DemocraticRepublicoftheCongo,0, 0, 0, 0, 0, 0, 124, 0
China->France,18, 5, 100, 0, 0, 0, 0, 0
Spain->Georgia,0, 0, 0, 5, 0, 17, 100, 0
Canada->Portugal,0, 0, 0, 11, 103, 0, 7, 0
Italy->Brazil,0, 0, 0, 102, 7, 0, 12, 0
Brazil->Spain,0, 0, 0, 20, 100, 0, 0, 0
Scotland->Canada,0, 0, 100, 18, 0, 0, 1, 0
Iceland->Portugal,0, 0, 0, 42, 17, 0, 60, 0
Switzerland->Spain,0, 0, 0, 4, 100, 0, 15, 0
Brazil->Belgium,0, 0, 2, 16, 100, 0, 0, 0
Finland->France,0, 0, 0, 0, 36, 15, 66, 0
Italy->France,19, 0, 0, 67, 0, 2, 28, 0
Brazil->USA,0, 0, 0, 0, 93, 0, 22, 0
China->Belgium,3, 0, 107, 0, 0, 0, 4, 0
USA->Senegal,0, 0, 5, 9, 98, 1, 0, 0
Scotland->Ireland,0, 0, 0, 0, 17, 0, 96, 0
Luxembourg->Switzerland,0, 0, 0, 0, 11, 0, 101, 0
Italy->Australia,0, 0, 0, 71, 0, 39, 0, 0
Italy->Senegal,0, 0, 0, 10, 0, 0, 100, 0
Germany->Austria,0, 0, 0, 0, 37, 0, 0, 72
Taiwan->Australia,0, 0, 0, 8, 100, 0, 0, 0
Spain->Switzerland,0, 0, 0, 0, 100, 0, 8, 0
Spain->Senegal,0, 0, 0, 7, 0, 100, 0, 0
Portugal->Mexico,0, 0, 0, 40, 0, 31, 35, 0
Netherlands->Georgia,0, 0, 0, 3, 1, 0, 100, 2
Iceland->Spain,0, 0, 0, 94, 0, 0, 11, 0
Senegal->France,0, 0, 0, 14, 0, 0, 91, 0
Netherlands->Germany,0, 0, 0, 16, 18, 29, 42, 0
Luxembourg->Taiwan,0, 0, 0, 101, 0, 0, 2, 0
Singapore->Taiwan,1, 1, 100, 0, 0, 0, 0, 0
Italy->CzechRepublic,0, 0, 0, 8, 0, 0, 93, 0
China->Finland,100, 0, 0, 0, 0, 0, 0, 0
China->Norway,100, 0, 0, 0, 0, 0, 0, 0
Japan->China,0, 0, 100, 0, 0, 0, 0, 0
Scotland->SouthKorea,0, 0, 100, 0, 0, 0, 0, 0
Singapore->Ireland,0, 0, 100, 0, 0, 0, 0, 0
HongKong->Taiwan,0, 0, 100, 0, 0, 0, 0, 0
China->India,0, 0, 100, 0, 0, 0, 0, 0
China->Mexico,0, 0, 100, 0, 0, 0, 0, 0
Luxembourg->CzechRepublic,0, 0, 0, 100, 0, 0, 0, 0
Belgium->Senegal,0, 0, 0, 33, 67, 0, 0, 0
Scotland->Georgia,0, 0, 0, 100, 0, 0, 0, 0
Canada->Mexico,0, 0, 0, 0, 100, 0, 0, 0
Austria->Finland,0, 0, 0, 0, 100, 0, 0, 0
Japan->Austria,0, 0, 0, 0, 100, 0, 0, 0
Germany->Canada,0, 0, 0, 0, 100, 0, 0, 0
Germany->Luxembourg,0, 0, 0, 0, 100, 0, 0, 0
Austria->Georgia,0, 0, 0, 0, 100, 0, 0, 0
Senegal->Netherlands,0, 0, 0, 0, 0, 100, 0, 0
Norway->Singapore,0, 0, 0, 0, 0, 100, 0, 0
Norway->DemocraticRepublicoftheCongo,0, 0, 0, 0, 0, 100, 0, 0
Mexico->Spain,0, 0, 0, 0, 0, 0, 100, 0
Norway->Luxembourg,0, 0, 0, 0, 0, 0, 100, 0
Norway->Taiwan,0, 0, 0, 0, 0, 0, 100, 0
Belgium->Wales,0, 0, 0, 0, 0, 0, 100, 0
Switzerland->CzechRepublic,0, 0, 0, 0, 0, 0, 100, 0
Mexico->Taiwan,0, 0, 0, 0, 0, 0, 100, 0
Portugal->France,0, 0, 0, 0, 0, 0, 100, 0
Japan->Italy,0, 0, 0, 0, 0, 0, 100, 0
Netherlands->Taiwan,0, 0, 0, 0, 0, 0, 100, 0
Spain->Taiwan,0, 0, 0, 0, 0, 0, 0, 100
Italy->India,0, 0, 0, 0, 0, 0, 0, 100
Belgium->Luxembourg,0, 0, 0, 36, 12, 0, 0, 51
Switzerland->India,0, 0, 0, 0, 98, 0, 0, 0
Brazil->England,0, 0, 3, 37, 32, 0, 25, 0
Brazil->India,0, 0, 0, 0, 97, 0, 0, 0
Portugal->Georgia,0, 0, 0, 0, 2, 0, 0, 95
CzechRepublic->England,0, 0, 0, 31, 40, 0, 25, 0
Portugal->Finland,0, 0, 0, 0, 35, 0, 61, 0
Switzerland->Portugal,0, 0, 0, 9, 45, 0, 41, 0
Netherlands->Canada,0, 0, 0, 36, 0, 0, 58, 0
Canada->Iceland,0, 0, 0, 14, 18, 0, 30, 32
Netherlands->Finland,0, 0, 0, 0, 61, 0, 33, 0
Iceland->France,0, 0, 0, 22, 1, 1, 68, 0
Italy->Germany,0, 0, 0, 25, 17, 0, 49, 0
Senegal->England,0, 0, 0, 0, 0, 91, 0, 0
England->Georgia,0, 0, 0, 7, 77, 6, 0, 0
Italy->Norway,0, 0, 0, 7, 0, 82, 0, 0
Australia->Finland,0, 0, 0, 5, 5, 5, 74, 0
DemocraticRepublicoftheCongo->France,0, 0, 0, 0, 89, 0, 0, 0
Italy->Mexico,0, 0, 0, 0, 88, 0, 0, 0
Mexico->Scotland,0, 0, 0, 0, 0, 28, 0, 60
SouthKorea->Australia,3, 0, 4, 0, 77, 0, 3, 0
Canada->Switzerland,0, 0, 10, 14, 34, 0, 29, 0
Iceland->China,2, 0, 0, 0, 0, 0, 84, 0
Australia->Austria,0, 0, 0, 18, 7, 16, 0, 44
Taiwan->Switzerland,0, 0, 0, 0, 0, 0, 85, 0
Scotland->Italy,0, 0, 0, 2, 14, 32, 36, 0
Belgium->CzechRepublic,0, 0, 0, 72, 0, 0, 11, 0
Scotland->Portugal,0, 0, 0, 53, 30, 0, 0, 0
Italy->Spain,0, 0, 0, 33, 25, 0, 25, 0
Japan->Belgium,0, 0, 0, 14, 53, 4, 0, 12
Ireland->England,0, 0, 0, 0, 83, 0, 0, 0
Taiwan->India,0, 0, 0, 81, 0, 0, 0, 0
Canada->France,5, 4, 0, 0, 0, 0, 71, 0
Finland->Luxembourg,0, 0, 0, 0, 17, 63, 0, 0
Austria->Italy,0, 0, 0, 0, 79, 0, 0, 0
Luxembourg->Norway,1, 0, 0, 33, 0, 0, 44, 0
Austria->France,0, 0, 0, 11, 23, 15, 29, 0
Germany->Senegal,0, 0, 0, 0, 0, 0, 0, 78
Finland->Portugal,0, 0, 0, 0, 37, 0, 40, 0
Netherlands->Spain,0, 0, 0, 0, 0, 0, 75, 0
Australia->Brazil,0, 0, 0, 49, 0, 0, 25, 0
Netherlands->Australia,0, 0, 0, 35, 0, 5, 0, 34
Switzerland->Taiwan,0, 0, 0, 68, 0, 0, 6, 0
Portugal->Australia,0, 0, 0, 1, 73, 0, 0, 0
Spain->Belgium,0, 0, 0, 6, 67, 0, 0, 0
England->Senegal,0, 0, 0, 0, 0, 0, 73, 0
Australia->Italy,0, 0, 0, 35, 0, 37, 0, 0
USA->Georgia,0, 0, 0, 72, 0, 0, 0, 0
France->India,0, 0, 0, 0, 72, 0, 0, 0
Canada->Finland,0, 0, 0, 0, 41, 0, 31, 0
Taiwan->Germany,0, 0, 0, 0, 71, 0, 0, 0
Spain->Norway,0, 0, 0, 39, 17, 14, 0, 0
Brazil->Switzerland,0, 0, 0, 0, 70, 0, 0, 0
Canada->DemocraticRepublicoftheCongo,0, 0, 0, 0, 40, 0, 30, 0
Netherlands->France,0, 0, 0, 29, 40, 0, 0, 0
Brazil->France,0, 0, 0, 9, 60, 0, 0, 0
Iceland->Taiwan,0, 0, 0, 0, 26, 16, 27, 0
Singapore->Belgium,0, 0, 68, 0, 0, 0, 0, 0
Belgium->Brazil,0, 0, 0, 67, 0, 0, 1, 0
Switzerland->Luxembourg,0, 0, 0, 36, 31, 0, 1, 0
Japan->Portugal,0, 0, 0, 46, 22, 0, 0, 0
Australia->Mexico,0, 0, 0, 0, 68, 0, 0, 0
China->Netherlands,30, 37, 0, 0, 0, 0, 0, 0
Scotland->Iceland,0, 0, 0, 60, 0, 0, 7, 0
Mexico->Germany,0, 0, 0, 0, 0, 0, 0, 67
Iceland->Switzerland,0, 0, 0, 18, 6, 0, 42, 0
Finland->Canada,0, 0, 0, 0, 31, 0, 35, 0
England->CzechRepublic,0, 0, 0, 52, 0, 0, 13, 0
Luxembourg->Portugal,0, 0, 0, 65, 0, 0, 0, 0
Portugal->Iceland,0, 0, 0, 18, 8, 3, 36, 0
Iceland->Luxembourg,0, 0, 0, 11, 0, 0, 54, 0
Spain->USA,0, 0, 0, 33, 32, 0, 0, 0
Taiwan->USA,0, 0, 0, 65, 0, 0, 0, 0
DemocraticRepublicoftheCongo->Taiwan,0, 0, 0, 0, 65, 0, 0, 0
Switzerland->Scotland,0, 0, 0, 0, 65, 0, 0, 0
France->Austria,0, 0, 0, 0, 11, 21, 33, 0
Taiwan->Italy,0, 0, 0, 64, 0, 0, 0, 0
Italy->Scotland,0, 0, 0, 19, 24, 20, 0, 0
Taiwan->Luxembourg,0, 0, 0, 33, 0, 0, 29, 0
China->Senegal,0, 0, 8, 0, 53, 0, 0, 0
Brazil->Scotland,0, 0, 0, 0, 61, 0, 0, 0
USA->Italy,19, 0, 0, 31, 0, 10, 0, 0
DemocraticRepublicoftheCongo->Netherlands,0, 0, 0, 0, 20, 0, 40, 0
Norway->Australia,0, 0, 0, 50, 9, 0, 0, 0
Australia->Luxembourg,0, 0, 0, 39, 18, 0, 1, 0
Norway->Belgium,0, 0, 0, 0, 30, 28, 0, 0
Finland->Iceland,0, 0, 0, 0, 15, 8, 35, 0
France->England,0, 0, 0, 0, 42, 12, 0, 3
Australia->Belgium,0, 0, 3, 32, 16, 0, 5, 0
Japan->Iceland,0, 0, 0, 1, 48, 7, 0, 0
Iceland->Finland,0, 0, 0, 0, 27, 9, 20, 0
Switzerland->Wales,0, 0, 0, 0, 0, 0, 56, 0
USA->Singapore,0, 0, 21, 0, 34, 0, 0, 0
Switzerland->Canada,0, 0, 19, 8, 21, 0, 7, 0
Netherlands->CzechRepublic,0, 0, 0, 54, 0, 0, 0, 0
CzechRepublic->Portugal,0, 0, 0, 0, 27, 0, 27, 0
Norway->Scotland,0, 0, 0, 0, 1, 0, 20, 32
Finland->Scotland,0, 0, 0, 0, 2, 0, 51, 0
Scotland->Norway,0, 0, 0, 0, 1, 0, 10, 42
Austria->USA,0, 0, 0, 0, 0, 16, 0, 37
Iceland->Canada,0, 0, 0, 9, 0, 0, 8, 35
Netherlands->Ireland,0, 0, 0, 0, 52, 0, 0, 0
DemocraticRepublicoftheCongo->Scotland,0, 0, 0, 0, 0, 0, 31, 20
Portugal->Switzerland,0, 0, 0, 12, 6, 0, 32, 0
Iceland->CzechRepublic,0, 0, 0, 4, 0, 0, 46, 0
Australia->Wales,0, 0, 0, 49, 0, 0, 0, 0
England->Canada,0, 0, 7, 7, 0, 0, 34, 0
Canada->Italy,0, 0, 0, 12, 0, 0, 36, 0
USA->Japan,0, 0, 0, 21, 27, 0, 0, 0
Luxembourg->Finland,0, 0, 0, 13, 0, 0, 35, 0
Scotland->CzechRepublic,0, 0, 0, 9, 0, 0, 39, 0
CzechRepublic->Netherlands,0, 0, 0, 47, 0, 0, 0, 0
USA->Portugal,0, 0, 0, 13, 18, 0, 16, 0
USA->Finland,0, 0, 0, 9, 32, 6, 0, 0
India->Brazil,0, 0, 0, 0, 47, 0, 0, 0
SouthKorea->HongKong,0, 0, 27, 19, 0, 0, 0, 0
Japan->England,0, 0, 0, 13, 32, 0, 0, 0
Switzerland->Iceland,0, 0, 0, 2, 0, 7, 36, 0
Portugal->Brazil,0, 0, 0, 0, 45, 0, 0, 0
DemocraticRepublicoftheCongo->Luxembourg,0, 0, 0, 0, 0, 0, 25, 20
China->Italy,0, 0, 0, 44, 0, 0, 0, 0
Austria->Senegal,0, 0, 0, 10, 0, 7, 27, 0
Finland->Netherlands,0, 0, 0, 0, 42, 0, 2, 0
Austria->Scotland,0, 0, 0, 0, 43, 0, 0, 0
Netherlands->DemocraticRepublicoftheCongo,0, 0, 0, 0, 13, 0, 30, 0
Singapore->France,0, 42, 0, 0, 0, 0, 0, 0
Luxembourg->Netherlands,0, 0, 0, 42, 0, 0, 0, 0
Portugal->Luxembourg,0, 0, 0, 42, 0, 0, 0, 0
Japan->USA,0, 0, 0, 5, 37, 0, 0, 0
Canada->Norway,0, 0, 0, 0, 42, 0, 0, 0
Senegal->China,0, 0, 0, 0, 42, 0, 0, 0
Norway->Georgia,0, 0, 0, 0, 0, 42, 0, 0
Ireland->Belgium,0, 0, 0, 0, 0, 0, 0, 42
Iceland->Japan,0, 0, 0, 4, 37, 0, 0, 0
Portugal->Italy,0, 0, 0, 0, 8, 0, 33, 0
Brazil->Canada,0, 0, 0, 37, 0, 0, 3, 0
Japan->Ireland,0, 0, 0, 17, 11, 0, 0, 12
India->France,0, 0, 0, 0, 40, 0, 0, 0
Senegal->Austria,0, 0, 0, 0, 0, 4, 36, 0
USA->China,1, 0, 10, 0, 28, 0, 0, 0
SouthKorea->Belgium,0, 0, 37, 0, 0, 0, 2, 0
Norway->Switzerland,0, 0, 0, 16, 11, 0, 12, 0
Switzerland->Japan,0, 0, 0, 0, 39, 0, 0, 0
Belgium->Norway,0, 0, 0, 0, 24, 15, 0, 0
DemocraticRepublicoftheCongo->England,0, 0, 0, 0, 39, 0, 0, 0
Brazil->Germany,0, 0, 0, 0, 0, 39, 0, 0
Singapore->Australia,0, 0, 0, 1, 35, 2, 0, 0
Senegal->Belgium,0, 0, 0, 29, 9, 0, 0, 0
Netherlands->Japan,0, 0, 0, 38, 0, 0, 0, 0
Austria->Spain,0, 0, 0, 0, 38, 0, 0, 0
Brazil->Portugal,0, 0, 0, 0, 38, 0, 0, 0
HongKong->Scotland,0, 0, 37, 0, 0, 0, 0, 0
England->Norway,0, 0, 0, 27, 0, 10, 0, 0
Spain->Italy,0, 0, 0, 25, 7, 5, 0, 0
Belgium->Spain,0, 0, 0, 1, 36, 0, 0, 0
Germany->Brazil,0, 0, 0, 0, 0, 37, 0, 0
Taiwan->Belgium,0, 0, 0, 0, 0, 37, 0, 0
Belgium->Taiwan,0, 0, 0, 0, 0, 37, 0, 0
Finland->Germany,0, 0, 0, 0, 0, 0, 37, 0
Belgium->Ireland,0, 0, 0, 0, 0, 0, 0, 37
USA->Scotland,0, 0, 0, 17, 2, 0, 17, 0
France->CzechRepublic,0, 0, 0, 23, 0, 0, 13, 0
Brazil->Finland,0, 0, 0, 0, 34, 0, 2, 0
Austria->Belgium,0, 0, 0, 0, 36, 0, 0, 0
Taiwan->Finland,0, 0, 0, 22, 13, 0, 0, 0
France->Singapore,0, 34, 0, 0, 0, 0, 0, 0
Australia->Senegal,0, 0, 0, 9, 1, 2, 0, 22
USA->CzechRepublic,0, 0, 0, 32, 0, 0, 2, 0
Senegal->Norway,0, 0, 0, 34, 0, 0, 0, 0
Australia->CzechRepublic,0, 0, 0, 0, 34, 0, 0, 0
Taiwan->France,1, 1, 0, 0, 31, 0, 0, 0
France->Georgia,0, 0, 0, 15, 0, 18, 0, 0
Norway->Portugal,0, 0, 0, 14, 3, 0, 16, 0
Brazil->Italy,0, 0, 0, 6, 6, 0, 21, 0
Georgia->Italy,0, 0, 0, 4, 29, 0, 0, 0
Senegal->USA,0, 0, 22, 0, 8, 2, 0, 0
Italy->Taiwan,0, 0, 0, 32, 0, 0, 0, 0
USA->Mexico,0, 0, 0, 0, 32, 0, 0, 0
Senegal->Switzerland,0, 0, 0, 0, 32, 0, 0, 0
Switzerland->Germany,0, 0, 0, 0, 0, 32, 0, 0
Georgia->Norway,0, 0, 0, 0, 0, 32, 0, 0
CzechRepublic->Scotland,0, 0, 0, 0, 0, 0, 32, 0
Germany->Finland,0, 0, 0, 0, 0, 0, 32, 0
Belgium->SouthKorea,0, 0, 31, 0, 0, 0, 0, 0
Wales->Australia,0, 0, 0, 31, 0, 0, 0, 0
Belgium->Switzerland,0, 0, 0, 1, 30, 0, 0, 0
Norway->Senegal,0, 0, 0, 31, 0, 0, 0, 0
Finland->USA,0, 0, 0, 9, 10, 6, 5, 0
Japan->Switzerland,0, 0, 0, 0, 30, 0, 0, 0
Italy->Finland,0, 0, 0, 0, 14, 0, 16, 0
Finland->Belgium,0, 0, 0, 0, 16, 0, 14, 0
Scotland->Switzerland,0, 0, 0, 0, 30, 0, 0, 0
Mexico->England,0, 0, 0, 0, 0, 30, 0, 0
Belgium->Canada,0, 0, 0, 24, 0, 0, 5, 0
Norway->Canada,0, 0, 0, 0, 29, 0, 0, 0
Canada->Senegal,0, 0, 0, 28, 0, 0, 0, 0
Singapore->England,0, 0, 0, 15, 13, 0, 0, 0
France->Japan,16, 0, 0, 11, 0, 0, 0, 0
Italy->Georgia,5, 0, 0, 7, 13, 2, 0, 0
CzechRepublic->Australia,0, 0, 0, 0, 27, 0, 0, 0
Iceland->Singapore,0, 0, 0, 0, 27, 0, 0, 0
India->Switzerland,0, 0, 0, 0, 27, 0, 0, 0
Senegal->Singapore,0, 0, 0, 0, 27, 0, 0, 0
Mexico->Portugal,0, 0, 0, 0, 0, 0, 27, 0
Georgia->USA,0, 0, 0, 26, 0, 0, 0, 0
Senegal->India,0, 0, 0, 0, 26, 0, 0, 0
China->Brazil,4, 0, 10, 0, 0, 0, 11, 0
Japan->France,10, 14, 0, 1, 0, 0, 0, 0
Singapore->HongKong,0, 0, 25, 0, 0, 0, 0, 0
Austria->England,0, 0, 0, 0, 25, 0, 0, 0
Georgia->France,0, 0, 0, 9, 0, 15, 0, 0
Canada->Spain,0, 0, 0, 7, 8, 0, 9, 0
Spain->Ireland,0, 0, 0, 0, 24, 0, 0, 0
Portugal->Norway,0, 0, 0, 12, 5, 6, 0, 0
Germany->Italy,0, 0, 0, 17, 6, 0, 0, 0
Singapore->Iceland,0, 0, 0, 15, 8, 0, 0, 0
CzechRepublic->Japan,0, 0, 0, 23, 0, 0, 0, 0
Finland->Norway,0, 0, 0, 0, 10, 0, 13, 0
Austria->DemocraticRepublicoftheCongo,0, 0, 0, 0, 23, 0, 0, 0
Japan->Australia,0, 0, 11, 0, 11, 0, 0, 0
Canada->Belgium,0, 0, 0, 22, 0, 0, 0, 0
Switzerland->Finland,0, 0, 0, 0, 16, 0, 6, 0
Belgium->Singapore,0, 0, 0, 14, 7, 0, 0, 0
Brazil->Netherlands,0, 0, 0, 0, 3, 16, 2, 0
Wales->Switzerland,0, 0, 0, 0, 0, 0, 21, 0
Japan->Germany,0, 0, 0, 0, 20, 0, 0, 0
Iceland->Austria,0, 0, 0, 0, 4, 16, 0, 0
HongKong->China,0, 0, 19, 0, 0, 0, 0, 0
Spain->Canada,0, 0, 0, 19, 0, 0, 0, 0
Georgia->Belgium,0, 0, 0, 0, 19, 0, 0, 0
Brazil->Australia,0, 0, 0, 0, 0, 0, 19, 0
Austria->Germany,0, 0, 0, 0, 0, 0, 0, 19
England->Singapore,0, 0, 0, 0, 18, 0, 0, 0
England->China,1, 0, 0, 0, 0, 0, 16, 0
Iceland->Italy,0, 0, 0, 11, 0, 6, 0, 0
Brazil->Senegal,0, 0, 0, 17, 0, 0, 0, 0
Canada->Luxembourg,0, 0, 0, 17, 0, 0, 0, 0
SouthKorea->Brazil,1, 0, 11, 0, 0, 0, 4, 0
Canada->Brazil,0, 0, 0, 16, 0, 0, 0, 0
Spain->Finland,0, 0, 0, 5, 2, 0, 9, 0
Taiwan->Wales,0, 0, 0, 15, 0, 0, 0, 0
CzechRepublic->USA,0, 0, 0, 15, 0, 0, 0, 0
Norway->Japan,0, 0, 0, 4, 11, 0, 0, 0
France->Spain,0, 0, 0, 15, 0, 0, 0, 0
Japan->CzechRepublic,0, 0, 0, 15, 0, 0, 0, 0
Scotland->Mexico,0, 0, 0, 0, 0, 15, 0, 0
Canada->Singapore,3, 4, 0, 6, 1, 0, 0, 0
Iceland->Brazil,0, 0, 8, 0, 0, 0, 6, 0
DemocraticRepublicoftheCongo->Austria,0, 0, 0, 0, 14, 0, 0, 0
Australia->SouthKorea,0, 0, 0, 0, 14, 0, 0, 0
Singapore->Senegal,0, 0, 0, 0, 14, 0, 0, 0
England->Mexico,0, 0, 0, 0, 0, 14, 0, 0
USA->Taiwan,0, 0, 0, 0, 0, 14, 0, 0
Finland->Italy,0, 0, 0, 0, 0, 0, 14, 0
Japan->Canada,7, 6, 0, 0, 0, 0, 0, 0
SouthKorea->Iceland,3, 0, 10, 0, 0, 0, 0, 0
Australia->Japan,0, 0, 13, 0, 0, 0, 0, 0
Netherlands->Luxembourg,0, 0, 0, 13, 0, 0, 0, 0
Netherlands->Iceland,0, 0, 0, 4, 1, 0, 8, 0
Austria->Norway,0, 0, 0, 7, 0, 6, 0, 0
Switzerland->Norway,0, 0, 0, 3, 0, 10, 0, 0
Luxembourg->Georgia,4, 0, 0, 8, 0, 0, 0, 0
Switzerland->Mexico,0, 0, 0, 0, 12, 0, 0, 0
India->Senegal,0, 0, 0, 0, 12, 0, 0, 0
Germany->Japan,0, 0, 0, 0, 12, 0, 0, 0
Mexico->Australia,0, 0, 0, 0, 12, 0, 0, 0
USA->Brazil,0, 0, 0, 0, 0, 0, 12, 0
CzechRepublic->Belgium,0, 0, 0, 0, 0, 0, 12, 0
SouthKorea->England,1, 0, 8, 0, 0, 0, 2, 0
Norway->Italy,0, 0, 0, 1, 0, 10, 0, 0
Australia->Switzerland,0, 0, 0, 7, 0, 0, 4, 0
Japan->Norway,0, 0, 0, 4, 0, 7, 0, 0
Ireland->Portugal,0, 0, 0, 0, 11, 0, 0, 0
Switzerland->Senegal,0, 0, 0, 0, 11, 0, 0, 0
Netherlands->Singapore,0, 0, 0, 5, 5, 0, 0, 0
Senegal->Italy,0, 0, 0, 10, 0, 0, 0, 0
Singapore->Netherlands,0, 0, 0, 9, 0, 0, 1, 0
France->Brazil,0, 0, 0, 10, 0, 0, 0, 0
Ireland->Spain,0, 0, 0, 0, 10, 0, 0, 0
Singapore->Canada,2, 1, 0, 5, 0, 0, 1, 0
Japan->Taiwan,3, 6, 0, 0, 0, 0, 0, 0
Senegal->Canada,0, 0, 0, 9, 0, 0, 0, 0
Senegal->DemocraticRepublicoftheCongo,0, 0, 0, 0, 9, 0, 0, 0
SouthKorea->USA,0, 0, 4, 0, 0, 0, 4, 0
CzechRepublic->Iceland,0, 0, 0, 1, 0, 0, 7, 0
Wales->England,0, 0, 0, 7, 0, 0, 0, 0
Georgia->Spain,0, 0, 0, 7, 0, 0, 0, 0
India->USA,0, 0, 0, 0, 7, 0, 0, 0
Taiwan->Japan,6, 0, 0, 0, 0, 0, 0, 0
Brazil->China,6, 0, 0, 0, 0, 0, 0, 0
Luxembourg->Wales,0, 0, 0, 6, 0, 0, 0, 0
Finland->Australia,0, 0, 0, 1, 0, 0, 5, 0
Norway->Spain,0, 0, 0, 6, 0, 0, 0, 0
Norway->Netherlands,0, 0, 0, 0, 4, 0, 2, 0
Georgia->Portugal,0, 0, 0, 0, 3, 0, 0, 3
Georgia->Germany,0, 0, 0, 0, 6, 0, 0, 0
Belgium->Georgia,0, 0, 0, 0, 6, 0, 0, 0
Taiwan->Singapore,4, 1, 0, 0, 0, 0, 0, 0
Iceland->Senegal,0, 0, 0, 2, 0, 3, 0, 0
Australia->Portugal,0, 0, 0, 1, 2, 0, 2, 0
CzechRepublic->France,0, 0, 0, 4, 0, 0, 1, 0
DemocraticRepublicoftheCongo->Senegal,0, 0, 0, 0, 5, 0, 0, 0
Austria->Australia,0, 0, 0, 0, 5, 0, 0, 0
Norway->Austria,0, 0, 0, 0, 0, 5, 0, 0
Wales->Luxembourg,0, 0, 0, 4, 0, 0, 0, 0
Senegal->Brazil,0, 0, 0, 4, 0, 0, 0, 0
Scotland->Japan,0, 0, 0, 4, 0, 0, 0, 0
Switzerland->Australia,0, 0, 0, 3, 0, 0, 0, 1
Finland->Brazil,0, 0, 0, 0, 4, 0, 0, 0
Australia->China,3, 0, 0, 0, 0, 0, 0, 0
Italy->Wales,0, 0, 0, 3, 0, 0, 0, 0
Scotland->Singapore,0, 0, 0, 2, 1, 0, 0, 0
France->Italy,0, 0, 0, 3, 0, 0, 0, 0
Georgia->Netherlands,0, 0, 0, 0, 3, 0, 0, 0
Georgia->Luxembourg,2, 0, 0, 0, 0, 0, 0, 0
Belgium->China,2, 0, 0, 0, 0, 0, 0, 0
Wales->Italy,0, 0, 0, 2, 0, 0, 0, 0
England->India,0, 0, 0, 2, 0, 0, 0, 0
Singapore->Scotland,0, 0, 0, 0, 0, 2, 0, 0
Norway->USA,0, 0, 0, 0, 0, 2, 0, 0
China->Luxembourg,0, 0, 0, 1, 0, 0, 0, 0
Luxembourg->India,0, 0, 0, 1, 0, 0, 0, 0
Senegal->Spain,0, 0, 0, 1, 0, 0, 0, 0
Senegal->Australia,0, 0, 0, 0, 1, 0, 0, 0
Germany->Georgia,0, 0, 0, 0, 1, 0, 0, 0
USA->Belgium,0, 0, 0, 0, 0, 0, 1, 0
